KDSATKER,KODE_PROGRAM,KODE_KEGIATAN,KODE_OUTPUT,KDIB,VOLUME_OUTPUT,KODE_SUBOUTPUT,VOLUME_SUBOUTPUT,KODE_KOMPONEN,KODE_SUBKOMPONEN,URAIAN_SUBKOMPONEN,KODE_AKUN,KODE_JENIS_BEBAN,KODE_CARA_TARIK,KODE_JENIS_BANTUAN,KODE_REGISTER,HEADER1,HEADER2,KODE_ITEM,NOMOR_ITEM,CONS_ITEM,URAIAN_ITEM,SUMBER_DANA,VOL_KEG_1,SAT_KEG_1,VOL_KEG_2,SAT_KEG_2,VOL_KEG_3,SAT_KEG_3,VOL_KEG_4,SAT_KEG_4,VOLKEG,SATKEG,HARGASAT,TOTAL,KODE_BLOKIR,NILAI_BLOKIR,KODE_STS_HISTORY,POK_NILAI_1,POK_NILAI_2,POK_NILAI_3,POK_NILAI_4,POK_NILAI_5,POK_NILAI_6,POK_NILAI_7,POK_NILAI_8,POK_NILAI_9,POK_NILAI_10,POK_NILAI_11,POK_NILAI_12
634146,DL,2376,FAN,00,1,ZZ1,1,ZZ1,A,Pemenuhan prioritas direktif presiden,522191,A,0,A0,,0,0,1,0,277,Pemenuhan Prioritas Direktif Presiden,A,0,,0,,0,,0,,1,pkt,2919141000,2919141000,,0,B01,243261000,243261000,243261000,243261000,243261000,243261000,243261000,243261000,243261000,243261000,243261000,243270000
634146,DL,2376,FAN,00,1,ZZ1,1,ZZ1,A,Pemenuhan prioritas direktif presiden,524111,A,0,A0,,0,0,1,0,279,214.677.000,A,0,,0,,0,,0,,1,pkt,214677000,214677000,,0,B01,17889000,17889000,17889000,17889000,17889000,17889000,17889000,17889000,17889000,17889000,17889000,17898000
634146,DL,2376,PDE,00,1,541,1,301,A,Penjaminan Mutu Politeknik KP Sorong,521219,A,0,A0,,0,0,1,0,1,Operasional Penjaminan Mutu,A,0,,0,,0,,0,,1,Tahun,3500000,3500000,,0,B01,0,0,0,164000,416000,416000,416000,416000,416000,416000,416000,424000
634146,DL,2376,PDI,00,1,545,1,301,A,Sertifikasi Dosen,521219,A,0,A0,,0,0,1,0,2,Pembiayaan Serdos ke PTPS,A,0,,0,,0,,0,,3,Org,700000,2100000,,0,B01,0,0,0,0,0,0,0,0,1200000,900000,0,0
634146,DL,2376,PDI,00,1,545,1,301,A,Sertifikasi Dosen,521219,A,0,A0,,0,0,2,1,3,Operasional Kegiatan,A,0,,0,,0,,0,,1,Keg,1400000,1400000,,0,B01,0,0,0,0,0,0,0,0,800000,600000,0,0
634146,DL,2376,SAC,00,247,811,247,302,E,Praktik Laut,521112,A,0,A0,,0,0,1,0,72,Pengadaan Bama ABK Aktif PAPUA  BARAT DAYA,A,12,Org,10,hr,0,,0,,120,OH,44000,5280000,,0,B01,440000,440000,440000,440000,440000,440000,440000,440000,440000,440000,440000,440000
634146,DL,2376,SAC,00,247,811,247,301,A,Pelantikan Peserta Didik Baru,521211,A,0,A0,,1,0,1,0,4,Latsarkarbang,A,0,,0,,0,,0,,0,,0,0,,0,B01,0,0,0,0,0,0,0,0,0,0,0,0
634146,DL,2376,SAC,00,247,811,247,301,A,Pelantikan Peserta Didik Baru,521211,A,0,A0,,0,0,2,1,5,Spanduk Latsar,A,0,,0,,0,,0,,48,M2,35000,1680000,,0,B01,0,0,0,0,0,0,11175,248329,1420496,0,0,0
634146,DL,2376,SAC,00,247,811,247,301,A,Pelantikan Peserta Didik Baru,521211,A,0,A0,,0,0,3,2,6,Makan Rapat Biasa PAPUA BARAT DAYA,A,6,Org,2,kali,5,Hr,0,,60,OK,62000,3720000,,0,B01,0,0,0,0,0,0,24744,549871,3145385,0,0,0
634146,DL,2376,SAC,00,247,811,247,301,A,Pelantikan Peserta Didik Baru,521211,A,0,A0,,0,0,4,3,7,Snack Rapat Biasa PAPUA BARAT DAYA,A,6,org,5,Hr,0,,0,,30,OK,28000,840000,,0,B01,0,0,0,0,0,0,5587,124165,710248,0,0,0
634146,DL,2376,SAC,00,247,811,247,301,A,Pelantikan Peserta Didik Baru,521211,A,0,A0,,1,0,5,4,8,MPAK,A,0,,0,,0,,0,,0,,0,0,,0,B01,0,0,0,0,0,0,0,0,0,0,0,0
634146,DL,2376,SAC,00,247,811,247,301,A,Pelantikan Peserta Didik Baru,521211,A,0,A0,,0,0,6,5,9,Makan Rapat Biasa PAPUA BARAT DAYA,A,5,Org,3,Hari,0,,0,,15,OK,62000,930000,,0,B01,0,0,0,0,0,0,6186,137468,786346,0,0,0
634146,DL,2376,SAC,00,247,811,247,301,A,Pelantikan Peserta Didik Baru,521211,A,0,A0,,0,0,7,6,10,Snack Rapat Biasa PAPUA BARAT DAYA,A,5,org,3,Hr,0,,0,,15,OK,28000,420000,,0,B01,0,0,0,0,0,0,2794,62082,355124,0,0,0
634146,DL,2376,SAC,00,247,811,247,302,G,Dies Natalis,521211,A,0,A0,,0,0,1,0,90,Makan Rapat Biasa PAPUA BARAT DAYA,A,50,ORG,1,Keg,0,,0,,50,OK,62000,3100000,,0,B01,258000,258000,258000,258000,258000,258000,258000,258000,258000,258000,258000,262000
634146,DL,2376,SAC,00,247,811,247,302,H,Data Informasi Pendidikan,521211,A,0,A0,,0,0,1,0,92,Publikasi,A,0,,0,,0,,0,,10,BLn,420000,4200000,,0,B01,350000,350000,350000,350000,350000,350000,350000,350000,350000,350000,350000,350000
634146,DL,2376,SAC,00,247,811,247,302,H,Data Informasi Pendidikan,521211,A,0,A0,,0,0,2,1,93,Spanduk,A,0,,0,,0,,0,,50,m2,35000,1750000,,0,B01,145000,145000,145000,145000,145000,145000,145000,145000,145000,145000,145000,155000
634146,DL,2376,SAC,00,247,811,247,302,I,WISUDA,521211,A,0,A0,,0,0,1,0,117,Cetak Undangan,A,0,,0,,0,,0,,1,Paket,712000,712000,,0,B01,59000,59000,59000,59000,59000,59000,59000,59000,59000,59000,59000,63000
634146,DL,2376,SAC,00,247,811,247,302,I,WISUDA,521211,A,0,A0,,0,0,2,1,118,Ijazah Wisudawan,A,0,,0,,0,,0,,1,Paket,16625000,16625000,,0,B01,1385000,1385000,1385000,1385000,1385000,1385000,1385000,1385000,1385000,1385000,1385000,1390000
634146,DL,2376,SAC,00,247,811,247,302,I,WISUDA,521211,A,0,A0,,0,0,3,2,119,Map Ijazah,A,0,,0,,0,,0,,1,Paket,7980000,7980000,,0,B01,665000,665000,665000,665000,665000,665000,665000,665000,665000,665000,665000,665000
634146,DL,2376,SAC,00,247,811,247,302,I,WISUDA,521211,A,0,A0,,0,0,4,3,120,Makan Rapat Biasa PAPUA BARAT DAYA,A,0,,0,,0,,0,,100,OK,62000,6200000,,0,B01,516000,516000,516000,516000,516000,516000,516000,516000,516000,516000,516000,524000
634146,DL,2376,SAC,00,247,811,247,302,I,WISUDA,521211,A,0,A0,,0,0,5,4,121,Makan Rapat Biasa PAPUA BARAT DAYA,A,0,,0,,0,,0,,100,OK,62000,6200000,,0,B01,516000,516000,516000,516000,516000,516000,516000,516000,516000,516000,516000,524000
634146,DL,2376,SAC,00,247,811,247,302,I,WISUDA,521211,A,0,A0,,0,0,6,5,122,Snack Rapat Biasa PAPUA BARAT DAYA,A,0,,0,,0,,0,,100,OK,28000,2800000,,0,B01,233000,233000,233000,233000,233000,233000,233000,233000,233000,233000,233000,237000
634146,DL,2376,SAC,00,247,811,247,303,A,Sertifikasi ANKAPIN/ATKAPIN I,521211,A,0,A0,,0,0,1,0,125,Bahan Makan Penguji,A,0,,0,,0,,0,,1,paket,1500000,1500000,,0,B01,181065,0,181065,0,181065,51172,181065,0,181065,181065,181065,181373
634146,DL,2376,SAC,00,247,811,247,303,B,MPM,521211,A,0,A0,,0,0,1,0,127,Makan Rapat Biasa PAPUA BARAT DAYA,A,5,Org,5,HR,0,,0,,25,OK,31000,775000,,0,B01,93550,0,93550,0,93550,26439,93550,0,93550,93550,93550,93711
634146,DL,2376,SAC,00,247,811,247,303,C,CBIB,521211,A,0,A0,,0,0,1,0,128,Makan Rapat Biasa PAPUA BARAT DAYA,A,5,ORG,5,HR,0,,0,,25,OK,25000,625000,,0,B01,75444,0,75444,0,75444,21322,75444,0,75444,75444,75444,75570
634146,DL,2376,SAC,00,247,811,247,303,F,CPPIB,521211,A,0,A0,,0,0,1,0,132,Makan Rapat Biasa PAPUA BARAT DAYA,A,0,,0,,0,,0,,10,Pkt,53100,531000,,0,B01,64097,0,64097,0,64097,18114,64097,0,64097,64097,64097,64207
634146,DL,2376,SAC,00,247,811,247,304,C,Fasilitasi Lulusan Pendidikan KP,521211,A,0,A0,,1,0,1,0,147,Bimbingan Karir dan Alumni,A,0,,0,,0,,0,,0,,0,0,,0,B01,0,0,0,0,0,0,0,0,0,0,0,0
634146,DL,2376,SAC,00,247,811,247,304,C,Fasilitasi Lulusan Pendidikan KP,521211,A,0,A0,,0,0,2,1,148,Makan Rapat Biasa PAPUA BARAT DAYA,A,15,Org,1,Kl,0,,0,,15,OK,31000,465000,,0,B01,0,47188,0,59631,0,59631,0,59631,59631,59631,59631,60026
634146,DL,2376,SAC,00,247,811,247,304,C,Fasilitasi Lulusan Pendidikan KP,521211,A,0,A0,,1,0,3,2,149,Bursa Kerja,A,0,,0,,0,,0,,0,,0,0,,0,B01,0,0,0,0,0,0,0,0,0,0,0,0
634146,DL,2376,SAC,00,247,811,247,304,C,Fasilitasi Lulusan Pendidikan KP,521211,A,0,A0,,0,0,4,3,150,ATK dan Bahan Cetak,A,0,,0,,0,,0,,1,Paket,1000000,1000000,,0,B01,0,101480,0,128239,0,128239,0,128239,128239,128239,128239,129086
634146,DL,2376,SAC,00,247,811,247,304,C,Fasilitasi Lulusan Pendidikan KP,521211,A,0,A0,,0,0,5,4,151,Banner,A,0,,0,,0,,0,,4,Buah,350000,1400000,,0,B01,0,142072,0,179534,0,179534,0,179534,179534,179534,179534,180724
634146,DL,2376,SAC,00,247,811,247,304,C,Fasilitasi Lulusan Pendidikan KP,521211,A,0,A0,,0,0,6,5,152,Makan Rapat Biasa PAPUA BARAT DAYA (Panitia),A,0,,0,,0,,0,,5,OK,31000,155000,,0,B01,0,15729,0,19877,0,19877,0,19877,19877,19877,19877,20009
634146,DL,2376,SAC,00,247,811,247,304,C,Fasilitasi Lulusan Pendidikan KP,521211,A,0,A0,,0,0,7,6,153,Makan Rapat Biasa PAPUA BARAT DAYA (Perwakilan Perusahaan),A,0,,0,,0,,0,,16,OK,31000,496000,,0,B01,0,50334,0,63606,0,63606,0,63606,63606,63606,63606,64030
634146,DL,2376,SAC,00,247,811,247,304,C,Fasilitasi Lulusan Pendidikan KP,521211,A,0,A0,,0,0,8,7,154,Konsumsi Alumni Pencari Kerja PAPUA BARAT DAYA,A,0,,0,,0,,0,,100,OK,25000,2500000,,0,B01,0,253700,0,320597,0,320597,0,320597,320597,320597,320597,322718
634146,DL,2376,SAC,00,247,811,247,302,H,Data Informasi Pendidikan,521213,A,0,A0,,1,0,1,0,94,Jurnal Bawal,A,0,,0,,0,,0,,0,,0,0,,0,B01,0,0,0,0,0,0,0,0,0,0,0,0
634146,DL,2376,SAC,00,247,811,247,302,H,Data Informasi Pendidikan,521213,A,0,A0,,0,0,10,1,95,Honorarium Sekretariat Tim Penyusunan Jurnal,A,0,,0,,0,,0,,2,Oter,60000,120000,,0,B01,10000,10000,10000,10000,10000,10000,10000,10000,10000,10000,10000,10000
634146,DL,2376,SAC,00,247,811,247,302,H,Data Informasi Pendidikan,521213,A,0,A0,,1,0,11,2,96,Buletin SWIMP,A,0,,0,,0,,0,,0,,0,0,,0,B01,0,0,0,0,0,0,0,0,0,0,0,0
634146,DL,2376,SAC,00,247,811,247,302,H,Data Informasi Pendidikan,521213,A,0,A0,,0,0,12,3,97,Honorarium Redaktur Tim Penyusunan Jurnal,A,2,Oter,0,,0,,0,,2,Oter,160000,320000,,0,B01,26000,26000,26000,26000,26000,26000,26000,26000,26000,26000,26000,34000
634146,DL,2376,SAC,00,247,811,247,302,H,Data Informasi Pendidikan,521213,A,0,A0,,0,0,13,4,98,Honorarium Penyunting/Editor Tim Penyusunan Jurnal,A,0,,0,,0,,0,,2,Oter,120000,240000,,0,B01,20000,20000,20000,20000,20000,20000,20000,20000,20000,20000,20000,20000
634146,DL,2376,SAC,00,247,811,247,302,H,Data Informasi Pendidikan,521213,A,0,A0,,0,0,14,5,99,Honorarium Desain Grafis Tim Penyusunan Jurnal,A,0,,0,,0,,0,,2,Oter,72000,144000,,0,B01,12000,12000,12000,12000,12000,12000,12000,12000,12000,12000,12000,12000
634146,DL,2376,SAC,00,247,811,247,302,H,Data Informasi Pendidikan,521213,A,0,A0,,0,0,15,6,100,Honorarium Sekretariat Tim Penyusunan Jurnal,A,0,,0,,0,,0,,2,Oter,60000,120000,,0,B01,10000,10000,10000,10000,10000,10000,10000,10000,10000,10000,10000,10000
634146,DL,2376,SAC,00,247,811,247,302,H,Data Informasi Pendidikan,521213,A,0,A0,,0,0,16,7,101,Honorarium Pembuat Artikel Buletin SWIMP,A,0,,0,,0,,0,,50,Hal,40000,2000000,,0,B01,166000,166000,166000,166000,166000,166000,166000,166000,166000,166000,166000,174000
634146,DL,2376,SAC,00,247,811,247,302,H,Data Informasi Pendidikan,521213,A,0,A0,,0,0,17,8,102,Honorarium Pembuat Artikel Jurnal-Sinta 2 dan Scopus dalam rangka peningkatan Jabatan Akademik,A,0,,0,,0,,0,,50,Hal,80000,4000000,,0,B01,333000,333000,333000,333000,333000,333000,333000,333000,333000,333000,333000,337000
634146,DL,2376,SAC,00,247,811,247,302,H,Data Informasi Pendidikan,521213,A,0,A0,,0,0,2,9,103,Honorarium Redaktur Tim Penyusunan Jurnal,A,3,Oter,0,,0,,0,,3,Oter,160000,480000,,0,B01,40000,40000,40000,40000,40000,40000,40000,40000,40000,40000,40000,40000
634146,DL,2376,SAC,00,247,811,247,302,H,Data Informasi Pendidikan,521213,A,0,A0,,0,0,3,10,104,Honorarium Penyunting/Editor Tim Penyusunan Jurnal,A,1,Org,3,Trbt,0,,0,,3,Oter,120000,360000,,0,B01,30000,30000,30000,30000,30000,30000,30000,30000,30000,30000,30000,30000
634146,DL,2376,SAC,00,247,811,247,302,H,Data Informasi Pendidikan,521213,A,0,A0,,0,0,4,11,105,Honorarium Desain Grafis Tim Penyusunan Jurnal,A,0,,0,,0,,0,,3,Oter,72000,216000,,0,B01,18000,18000,18000,18000,18000,18000,18000,18000,18000,18000,18000,18000
634146,DL,2376,SAC,00,247,811,247,302,H,Data Informasi Pendidikan,521213,A,0,A0,,0,0,5,12,106,Honorarium Sekretariat Tim Penyusunan Jurnal,A,0,,0,,0,,0,,3,Oter,60000,180000,,0,B01,15000,15000,15000,15000,15000,15000,15000,15000,15000,15000,15000,15000
634146,DL,2376,SAC,00,247,811,247,302,H,Data Informasi Pendidikan,521213,A,0,A0,,1,0,6,13,107,Jurnal Airaha,A,0,,0,,0,,0,,0,,0,0,,0,B01,0,0,0,0,0,0,0,0,0,0,0,0
634146,DL,2376,SAC,00,247,811,247,302,H,Data Informasi Pendidikan,521213,A,0,A0,,0,0,7,14,108,Honorarium Redaktur Tim Penyusunan Jurnal,A,2,Oter,0,,0,,0,,2,Oter,160000,320000,,0,B01,26000,26000,26000,26000,26000,26000,26000,26000,26000,26000,26000,34000
634146,DL,2376,SAC,00,247,811,247,302,H,Data Informasi Pendidikan,521213,A,0,A0,,0,0,8,15,109,Honorarium Penyunting/Editor Tim Penyusunan Jurnal,A,0,,0,,0,,0,,2,Oter,120000,240000,,0,B01,20000,20000,20000,20000,20000,20000,20000,20000,20000,20000,20000,20000
634146,DL,2376,SAC,00,247,811,247,302,H,Data Informasi Pendidikan,521213,A,0,A0,,0,0,9,16,110,Honorarium Desain Grafis Tim Penyusunan Jurnal,A,0,,0,,0,,0,,2,Oter,72000,144000,,0,B01,12000,12000,12000,12000,12000,12000,12000,12000,12000,12000,12000,12000
634146,DL,2376,SAC,00,247,811,247,301,A,Pelantikan Peserta Didik Baru,521219,A,0,A0,,0,0,1,0,11,Latihan Dasar Karakter dan Kebangsaan,A,0,,0,,0,,0,,1,Paket,17500000,17500000,,0,B01,0,0,0,0,0,0,116404,2586761,14796835,0,0,0
634146,DL,2376,SAC,00,247,811,247,301,B,Biaya Pendidikan Anak Pelaku Utama,521219,A,0,A0,,0,0,1,0,13,Pakaian Seragam Mahasiswa/Taruna (Papua Barat Daya),A,247,Org,2,Stel,0,,0,,494,STEL,497000,245518000,,0,B01,0,0,0,0,0,0,1633105,36291220,207593675,0,0,0
634146,DL,2376,SAC,00,247,811,247,302,B,Praktik Reguler,521219,A,0,A0,,0,0,1,0,16,Kegiatan Belajar Wirausaha,A,0,,0,,0,,0,,1,Tahun,10500000,10500000,,0,B01,875000,875000,875000,875000,875000,875000,875000,875000,875000,875000,875000,875000
634146,DL,2376,SAC,00,247,811,247,302,E,Praktik Laut,521219,A,0,A0,,1,0,1,0,73,Praktik Layar,A,0,,0,,0,,0,,0,,0,0,,0,B01,0,0,0,0,0,0,0,0,0,0,0,0
634146,DL,2376,SAC,00,247,811,247,302,E,Praktik Laut,521219,A,0,A0,,0,0,10,1,74,Solar Mesin Bantu,A,0,,0,,0,,0,,1,Tahun,2409000,2409000,,0,B01,200000,200000,200000,200000,200000,200000,200000,200000,200000,200000,200000,209000
634146,DL,2376,SAC,00,247,811,247,302,E,Praktik Laut,521219,A,0,A0,,1,0,11,2,75,Bahan Praktik Laut dan Perlengkapan Kapal,A,0,,0,,0,,0,,0,,0,0,,0,B01,0,0,0,0,0,0,0,0,0,0,0,0
634146,DL,2376,SAC,00,247,811,247,302,E,Praktik Laut,521219,A,0,A0,,0,0,12,3,76,Bahan Praktik Laut,A,0,,0,,0,,0,,1,Trip,2100000,2100000,,0,B01,175000,175000,175000,175000,175000,175000,175000,175000,175000,175000,175000,175000
634146,DL,2376,SAC,00,247,811,247,302,E,Praktik Laut,521219,A,0,A0,,0,0,13,4,77,Dokumen dan Surat Kapal,A,0,,0,,0,,0,,1,Thn,3500000,3500000,,0,B01,291000,291000,291000,291000,291000,291000,291000,291000,291000,291000,291000,299000
634146,DL,2376,SAC,00,247,811,247,302,E,Praktik Laut,521219,A,0,A0,,0,0,14,5,78,Asuransi Berlayar,A,0,,0,,0,,0,,1,Thn,1960000,1960000,,0,B01,163000,163000,163000,163000,163000,163000,163000,163000,163000,163000,163000,167000
634146,DL,2376,SAC,00,247,811,247,302,E,Praktik Laut,521219,A,0,A0,,0,0,15,6,79,Perlengkapan Kapal,A,0,,0,,0,,0,,1,Thn,17500000,17500000,,0,B01,1458000,1458000,1458000,1458000,1458000,1458000,1458000,1458000,1458000,1458000,1458000,1462000
634146,DL,2376,SAC,00,247,811,247,302,E,Praktik Laut,521219,A,0,A0,,0,0,2,7,80,Solar Mesin Utama,A,0,,0,,0,,0,,1,Tahun,85539000,85539000,,0,B01,7128000,7128000,7128000,7128000,7128000,7128000,7128000,7128000,7128000,7128000,7128000,7131000
634146,DL,2376,SAC,00,247,811,247,302,E,Praktik Laut,521219,A,0,A0,,0,0,3,8,81,Solar Mesin Bantu,A,0,,0,,0,,0,Hari,1,Tahun,17350000,17350000,,0,B01,1445000,1445000,1445000,1445000,1445000,1445000,1445000,1445000,1445000,1445000,1445000,1455000
634146,DL,2376,SAC,00,247,811,247,302,E,Praktik Laut,521219,A,0,A0,,0,0,4,9,82,Oli Mesin Utama,A,0,,0,,0,,0,,1,Tahun,10668000,10668000,,0,B01,889000,889000,889000,889000,889000,889000,889000,889000,889000,889000,889000,889000
634146,DL,2376,SAC,00,247,811,247,302,E,Praktik Laut,521219,A,0,A0,,0,0,5,10,83,Oli Mesin Bantu,A,0,,0,,0,,0,,1,Tahun,2268000,2268000,,0,B01,189000,189000,189000,189000,189000,189000,189000,189000,189000,189000,189000,189000
634146,DL,2376,SAC,00,247,811,247,302,E,Praktik Laut,521219,A,0,A0,,1,0,6,11,84,Stationer,A,0,,0,,0,,0,,0,,0,0,,0,B01,0,0,0,0,0,0,0,0,0,0,0,0
634146,DL,2376,SAC,00,247,811,247,302,E,Praktik Laut,521219,A,0,A0,,0,0,7,12,85,Oli Mesin Utama,A,0,,0,,0,,0,HR,1,Tahun,21336000,21336000,,0,B01,1778000,1778000,1778000,1778000,1778000,1778000,1778000,1778000,1778000,1778000,1778000,1778000
634146,DL,2376,SAC,00,247,811,247,302,E,Praktik Laut,521219,A,0,A0,,0,0,8,13,86,Oli Mesin Bantu,A,0,,0,,0,,0,Hr,1,Tahun,4536000,4536000,,0,B01,378000,378000,378000,378000,378000,378000,378000,378000,378000,378000,378000,378000
634146,DL,2376,SAC,00,247,811,247,302,E,Praktik Laut,521219,A,0,A0,,0,0,9,14,87,Solar Mesin Utama,A,0,,0,,0,,0,,1,Tahun,11334000,11334000,,0,B01,944000,944000,944000,944000,944000,944000,944000,944000,944000,944000,944000,950000
634146,DL,2376,SAC,00,247,811,247,302,F,Praktik Kerja Lapang/Magang,521219,A,0,A0,,0,0,1,0,89,Operasional Kegiatan PKL-Magang,A,0,,0,,0,,0,,1,Tahun,18178000,18178000,,0,B01,1514000,1514000,1514000,1514000,1514000,1514000,1514000,1514000,1514000,1514000,1514000,1524000
634146,DL,2376,SAC,00,247,811,247,302,G,Dies Natalis,521219,A,0,A0,,0,0,1,0,91,Operasional Kegiatan Dies Natalis,A,0,,0,,0,,0,,1,Paket,17500000,17500000,,0,B01,1458000,1458000,1458000,1458000,1458000,1458000,1458000,1458000,1458000,1458000,1458000,1462000
634146,DL,2376,SAC,00,247,811,247,302,H,Data Informasi Pendidikan,521219,A,0,A0,,0,0,1,0,111,Operasional Website Pendidikan/Sistem Informasi Akademik Online Support PDDIKTI,A,0,,0,,0,,0,,1,thn,1750000,1750000,,0,B01,145000,145000,145000,145000,145000,145000,145000,145000,145000,145000,145000,155000
634146,DL,2376,SAC,00,247,811,247,302,H,Data Informasi Pendidikan,521219,A,0,A0,,0,0,2,1,112,Program Inovasi Pendidikan,A,0,,0,,0,,0,,1,pkt,17500000,17500000,,0,B01,1458000,1458000,1458000,1458000,1458000,1458000,1458000,1458000,1458000,1458000,1458000,1462000
634146,DL,2376,SAC,00,247,811,247,302,H,Data Informasi Pendidikan,521219,A,0,A0,,0,0,3,2,113,langganan hosting website dan jurnal,A,0,,0,,0,,0,,1,thn,2100000,2100000,,0,B01,175000,175000,175000,175000,175000,175000,175000,175000,175000,175000,175000,175000
634146,DL,2376,SAC,00,247,811,247,302,H,Data Informasi Pendidikan,521219,A,0,A0,,0,0,4,3,114,langganan DOI Jurnal,A,0,,0,,0,,0,,1,thn,1050000,1050000,,0,B01,87000,87000,87000,87000,87000,87000,87000,87000,87000,87000,87000,93000
634146,DL,2376,SAC,00,247,811,247,302,I,WISUDA,521219,A,0,A0,,0,0,1,0,123,Samir/Gordon,A,0,,0,,0,,0,,1,Paket,9975000,9975000,,0,B01,831000,831000,831000,831000,831000,831000,831000,831000,831000,831000,831000,834000
634146,DL,2376,SAC,00,247,811,247,303,A,Sertifikasi ANKAPIN/ATKAPIN I,521219,A,0,A0,,0,0,1,0,126,Biaya Sertifikasi ANKAPIN,A,0,,0,,0,,0,,65,Org,490000,31850000,,0,B01,3844609,0,3844609,0,3844609,1086553,3844609,0,3844609,3844609,3844609,3851184
634146,DL,2376,SAC,00,247,811,247,303,E,Basis Safety Training-Fisheries,521219,A,0,A0,,0,0,1,0,129,Biaya Pelatihan BST,A,0,,0,,0,,0,,57,Org,1120000,63840000,,0,B01,7706118,0,7706118,0,7706118,2177881,7706118,0,7706118,7706118,7706118,7719293
634146,DL,2376,SAC,00,247,811,247,303,E,Basis Safety Training-Fisheries,521219,A,0,A0,,0,0,2,1,130,Buku Pelaut,A,0,,0,,0,,0,,57,Org,70000,3990000,,0,B01,481632,0,481632,0,481632,136118,481632,0,481632,481632,481632,482458
634146,DL,2376,SAC,00,247,811,247,303,E,Basis Safety Training-Fisheries,521219,A,0,A0,,0,0,3,2,131,Operasional Kegiatan BST,A,0,,0,,0,,0,,1,Paket,3500000,3500000,,0,B01,422485,0,422485,0,422485,119401,422485,0,422485,422485,422485,423204
634146,DL,2376,SAC,00,247,811,247,304,A,Kegiatan Asrama dan Ketarunaan,521219,A,0,A0,,0,0,1,0,133,Operasional Klinik Taruna,A,0,,0,,0,,0,,10,Bulan,420000,4200000,,0,B01,0,426216,0,538603,0,538603,0,538603,538603,538603,538603,542166
634146,DL,2376,SAC,00,247,811,247,304,A,Kegiatan Asrama dan Ketarunaan,521219,A,0,A0,,0,0,2,1,134,Perlengkapan Asrama,A,0,,0,,0,,0,,1,Thn,12967000,12967000,,0,B01,0,1315891,0,1662872,0,1662872,0,1662872,1662872,1662872,1662872,1673877
634146,DL,2376,SAC,00,247,811,247,304,A,Kegiatan Asrama dan Ketarunaan,521219,A,0,A0,,0,0,3,2,135,Asuransi Taruna,A,1,Thn,0,,0,,0,,1,Thn,37346000,37346000,,0,B01,0,3789871,0,4789204,0,4789204,0,4789204,4789204,4789204,4789204,4820905
634146,DL,2376,SAC,00,247,811,247,304,B,Kegiatan Ekstrakulikuler dan Kerohanian,521219,A,0,A0,,0,0,1,0,137,"Operasional Minat, Bakat, dan Penalaran keilmuan taruna",A,0,,0,,0,,0,,10,Bulan,420000,4200000,,0,B01,0,426216,0,538603,0,538603,0,538603,538603,538603,538603,542166
634146,DL,2376,SAC,00,247,811,247,304,B,Kegiatan Ekstrakulikuler dan Kerohanian,521219,A,0,A0,,0,0,2,1,138,Kegiatan Kerohanian,A,0,KEG,0,BLN,0,,0,,10,Bln,1400000,14000000,,0,B01,0,1420720,0,1795342,0,1795342,0,1795342,1795342,1795342,1795342,1807228
634146,DL,2376,SAC,00,247,811,247,304,B,Kegiatan Ekstrakulikuler dan Kerohanian,521219,A,0,A0,,0,0,3,2,139,Operasional Kegiatan Olahraga,A,0,,0,,0,,0,,10,Bln,420000,4200000,,0,B01,0,426216,0,538603,0,538603,0,538603,538603,538603,538603,542166
634146,DL,2376,SAC,00,247,811,247,304,B,Kegiatan Ekstrakulikuler dan Kerohanian,521219,A,0,A0,,0,0,4,3,140,Operasional Kegiatan Lomba,A,0,,0,,0,,0,,10,Keg,700000,7000000,,0,B01,0,710360,0,897671,0,897671,0,897671,897671,897671,897671,903614
634146,DL,2376,SAC,00,247,811,247,304,B,Kegiatan Ekstrakulikuler dan Kerohanian,521219,A,0,A0,,0,0,5,4,141,Ekstrakulikuler Kewirausahaan,A,0,,0,,0,,0,,10,Bln,700000,7000000,,0,B01,0,710360,0,897671,0,897671,0,897671,897671,897671,897671,903614
634146,DL,2376,SAC,00,247,811,247,304,C,Fasilitasi Lulusan Pendidikan KP,521219,A,0,A0,,1,0,1,0,155,Tracer Studi,A,0,,0,,0,,0,,0,,0,0,,0,B01,0,0,0,0,0,0,0,0,0,0,0,0
634146,DL,2376,SAC,00,247,811,247,304,C,Fasilitasi Lulusan Pendidikan KP,521219,A,0,A0,,0,0,2,1,156,Operasional Kegiatan Tracer Studi,A,0,,0,,0,,0,,2,Smtr,350000,700000,,0,B01,0,71036,0,89767,0,89767,0,89767,89767,89767,89767,90362
634146,DL,2376,SAC,00,247,811,247,304,C,Fasilitasi Lulusan Pendidikan KP,521219,A,0,A0,,1,0,3,2,157,Bursa Kerja,A,0,,0,,0,,0,,0,,0,0,,0,B01,0,0,0,0,0,0,0,0,0,0,0,0
634146,DL,2376,SAC,00,247,811,247,304,C,Fasilitasi Lulusan Pendidikan KP,521219,A,0,A0,,0,0,4,3,158,Cendramata,A,0,,0,,0,,0,,8,Buah,350000,2800000,,0,B01,0,284144,0,359068,0,359068,0,359068,359068,359068,359068,361448
634146,DL,2376,SAC,00,247,811,247,305,A,Pengadaan Bahan Makan Peserta Didik,521219,A,0,A0,,0,0,1,0,165,Bahan Makan Taruna,A,0,,0,Hari,0,,0,,1,Tahun,2006875000,2006875000,,0,B01,81875000,175000000,175000000,175000000,175000000,175000000,175000000,175000000,175000000,175000000,175000000,175000000
634146,DL,2376,SAC,00,247,811,247,302,B,Praktik Reguler,521832,A,0,A0,,0,0,1,0,17,Praktik Reguler Semester Genap,A,0,,0,,0,,0,,247,ORG,175000,43225000,,0,B01,3602000,3602000,3602000,3602000,3602000,3602000,3602000,3602000,3602000,3602000,3602000,3603000
634146,DL,2376,SAC,00,247,811,247,302,B,Praktik Reguler,521832,A,0,A0,,0,0,2,1,18,Praktik Reguler Semester Ganjil,A,0,,0,,0,,0,,247,ORG,175000,43225000,,0,B01,3602000,3602000,3602000,3602000,3602000,3602000,3602000,3602000,3602000,3602000,3602000,3603000
634146,DL,2376,SAC,00,247,811,247,302,C,Praktik Teaching Factory,521832,A,0,A0,,0,0,1,0,20,Tefa Jaring,A,0,,0,,0,,0,,1,Paket,7000000,7000000,,0,B01,583000,583000,583000,583000,583000,583000,583000,583000,583000,583000,583000,587000
634146,DL,2376,SAC,00,247,811,247,302,C,Praktik Teaching Factory,521832,A,0,A0,,0,0,10,1,21,Tefa Bioflok,A,0,,0,,0,,0,,1,Paket,17500000,17500000,,0,B01,1458000,1458000,1458000,1458000,1458000,1458000,1458000,1458000,1458000,1458000,1458000,1462000
634146,DL,2376,SAC,00,247,811,247,302,C,Praktik Teaching Factory,521832,A,0,A0,,0,0,11,2,22,Tefa Hatchery (Pendederan Bandeng),A,0,,0,,0,,0,,1,Paket,14000000,14000000,,0,B01,1166000,1166000,1166000,1166000,1166000,1166000,1166000,1166000,1166000,1166000,1166000,1174000
634146,DL,2376,SAC,00,247,811,247,302,C,Praktik Teaching Factory,521832,A,0,A0,,0,0,2,3,23,Tefa Pancing Dasar,A,0,,0,,0,,0,,1,Paket,7000000,7000000,,0,B01,583000,583000,583000,583000,583000,583000,583000,583000,583000,583000,583000,587000
634146,DL,2376,SAC,00,247,811,247,302,C,Praktik Teaching Factory,521832,A,0,A0,,0,0,3,4,24,Tefa Bubu Dasar,A,0,,0,,0,,0,,1,Paket,17500000,17500000,,0,B01,1458000,1458000,1458000,1458000,1458000,1458000,1458000,1458000,1458000,1458000,1458000,1462000
634146,DL,2376,SAC,00,247,811,247,302,C,Praktik Teaching Factory,521832,A,0,A0,,0,0,4,5,25,Tefa Bubu Kepiting,A,0,,0,,0,,0,,1,Paket,10500000,10500000,,0,B01,875000,875000,875000,875000,875000,875000,875000,875000,875000,875000,875000,875000
634146,DL,2376,SAC,00,247,811,247,302,C,Praktik Teaching Factory,521832,A,0,A0,,0,0,5,6,26,Tefa Manufaktur Pengelasan,A,0,,0,,0,,0,,1,Paket,7000000,7000000,,0,B01,583000,583000,583000,583000,583000,583000,583000,583000,583000,583000,583000,587000
634146,DL,2376,SAC,00,247,811,247,302,C,Praktik Teaching Factory,521832,A,0,A0,,0,0,6,7,27,Tefa Perahu Fiber,A,0,,0,,0,,0,,1,Paket,7000000,7000000,,0,B01,583000,583000,583000,583000,583000,583000,583000,583000,583000,583000,583000,587000
634146,DL,2376,SAC,00,247,811,247,302,C,Praktik Teaching Factory,521832,A,0,A0,,0,0,7,8,28,Tefa Perbaikan AC,A,0,,0,,0,,0,,1,Paket,14000000,14000000,,0,B01,1166000,1166000,1166000,1166000,1166000,1166000,1166000,1166000,1166000,1166000,1166000,1174000
634146,DL,2376,SAC,00,247,811,247,302,C,Praktik Teaching Factory,521832,A,0,A0,,0,0,8,9,29,Tefa Tambak Udang Vaname,A,0,,0,,0,,0,,1,Paket,62357000,62357000,,0,B01,5196000,5196000,5196000,5196000,5196000,5196000,5196000,5196000,5196000,5196000,5196000,5201000
634146,DL,2376,SAC,00,247,811,247,302,C,Praktik Teaching Factory,521832,A,0,A0,,0,0,9,10,30,Tefa Wanamina Multispecies (Kepiting dan kerang),A,0,,0,,0,,0,,1,Paket,14000000,14000000,,0,B01,1166000,1166000,1166000,1166000,1166000,1166000,1166000,1166000,1166000,1166000,1166000,1174000
634146,DL,2376,SAC,00,247,811,247,304,A,Kegiatan Asrama dan Ketarunaan,521832,A,0,A0,,0,0,1,0,136,Obat Obatan Taruna,A,0,,0,,0,,0,,1,Thn,8400000,8400000,,0,B01,0,852432,0,1077205,0,1077205,0,1077205,1077205,1077205,1077205,1084338
634146,DL,2376,SAC,00,247,811,247,302,I,WISUDA,522141,A,0,A0,,0,0,1,0,124,"Standing AC, Tenda, Dekorasi",A,0,,0,,0,,0,,1,Paket,7000000,7000000,,0,B01,583000,583000,583000,583000,583000,583000,583000,583000,583000,583000,583000,587000
634146,DL,2376,SAC,00,247,811,247,302,A,Kegiatan Belajar Mengajar,522151,A,0,A0,,0,0,1,0,14,Honorarium Fasilitator/Tutor/Pembimbing Praktikum Non Beban Kerja Dosen (BKD)/Dari Luar,A,0,,0,,0,,0,,144,Jam/H,45000,6480000,,0,B01,540000,540000,540000,540000,540000,540000,540000,540000,540000,540000,540000,540000
634146,DL,2376,SAC,00,247,811,247,302,A,Kegiatan Belajar Mengajar,522151,A,0,A0,,0,0,2,1,15,Honorarium Narasumber (Pejabat Eselon III),A,0,,0,,0,,0,,5,OJ,900000,4500000,,0,B01,375000,375000,375000,375000,375000,375000,375000,375000,375000,375000,375000,375000
634146,DL,2376,SAC,00,247,811,247,302,H,Data Informasi Pendidikan,522151,A,0,A0,,0,0,1,0,115,Honorarium Penyunting/Editor Tim Penyusunan Jurnal,A,1,Org,3,Jrnl,7,Terb,0,,21,Oter,180000,3780000,,0,B01,315000,315000,315000,315000,315000,315000,315000,315000,315000,315000,315000,315000
634146,DL,2376,SAC,00,247,811,247,302,H,Data Informasi Pendidikan,522151,A,0,A0,,0,0,2,1,116,Honorarium Komite Penilaian dan/atau Reviewer Jurnal,A,0,,0,,0,,0,,60,Orang,60000,3600000,,0,B01,300000,300000,300000,300000,300000,300000,300000,300000,300000,300000,300000,300000
634146,DL,2376,SAC,00,247,811,247,304,C,Fasilitasi Lulusan Pendidikan KP,522151,A,0,A0,,1,0,1,0,159,Bimbingan karir dan Alumni,A,0,,0,,0,,0,,0,,0,0,,0,B01,0,0,0,0,0,0,0,0,0,0,0,0
634146,DL,2376,SAC,00,247,811,247,304,C,Fasilitasi Lulusan Pendidikan KP,522151,A,0,A0,,0,0,2,1,160,Honorarium Narasumber,A,4,Org,1,OJ,0,,0,,4,OJ,300000,1200000,,0,B01,0,121776,0,153886,0,153886,0,153886,153886,153886,153886,154908
634146,DL,2376,SAC,00,247,811,247,302,E,Praktik Laut,523121,A,0,A0,,0,0,1,0,88,Perawatan dan Pemeliharaan Airaha 02,A,0,,0,,0,,0,,10,Bln,1400000,14000000,,0,B01,1166000,1166000,1166000,1166000,1166000,1166000,1166000,1166000,1166000,1166000,1166000,1174000
634146,DL,2376,SAC,00,247,811,247,302,D,Kerjasama Industri dan Dunia Kerja,524111,A,0,A0,,1,0,1,0,31,Koordinasi Pimpinan,A,0,,0,,0,,0,,0,,0,0,,0,B01,0,0,0,0,0,0,0,0,0,0,0,0
634146,DL,2376,SAC,00,247,811,247,302,D,Kerjasama Industri dan Dunia Kerja,524111,A,0,A0,,0,0,10,1,32,Biaya Penginapan Perjalanan Dinas Pejabat  Eselon IV/Golongan III  (JAWA  TIMUR),A,1,Or,4,Malam,0,,0,,4,OH,720000,2880000,,0,B01,240000,240000,240000,240000,240000,240000,240000,240000,240000,240000,240000,240000
634146,DL,2376,SAC,00,247,811,247,302,D,Kerjasama Industri dan Dunia Kerja,524111,A,0,A0,,0,0,11,2,33,Biaya Transportasi dari dan/atau ke Terminal Bus/Stasiun/Bandara/Pelabuhan Dalam Rangka Perjalanan Dinas Dalam Negeri (Jawa Timur),A,1,Org,2,PP,0,,0,,2,OK,270000,540000,,0,B01,45000,45000,45000,45000,45000,45000,45000,45000,45000,45000,45000,45000
634146,DL,2376,SAC,00,247,811,247,302,D,Kerjasama Industri dan Dunia Kerja,524111,A,0,A0,,0,1,12,3,34,Bitung/Menado,A,0,,0,,0,,0,,0,,0,0,,0,B01,0,0,0,0,0,0,0,0,0,0,0,0
634146,DL,2376,SAC,00,247,811,247,302,D,Kerjasama Industri dan Dunia Kerja,524111,A,0,A0,,0,0,13,4,35,Satuan Biaya Tiket Pesawat  Perjalanan Dinas Dalam Negeri (PP) Ekonomi Menado - Sorong,A,0,,0,,0,,0,,2,OK,2100000,4200000,,0,B01,350000,350000,350000,350000,350000,350000,350000,350000,350000,350000,350000,350000
634146,DL,2376,SAC,00,247,811,247,302,D,Kerjasama Industri dan Dunia Kerja,524111,A,0,A0,,0,0,14,5,36,Uang Harian Perjalanan Dinas Luar Kota (Sulawesi  Utara),A,2,Org,3,Hr,0,,0,,6,OH,370000,2220000,,0,B01,185000,185000,185000,185000,185000,185000,185000,185000,185000,185000,185000,185000
634146,DL,2376,SAC,00,247,811,247,302,D,Kerjasama Industri dan Dunia Kerja,524111,A,0,A0,,0,0,15,6,37,Biaya Penginapan Perjalanan Dinas Pejabat  Eselon IV/Golongan III  (SULAWESI  UTARA),A,3,Org,2,Malam,0,,0,,6,OH,400000,2400000,,0,B01,200000,200000,200000,200000,200000,200000,200000,200000,200000,200000,200000,200000
634146,DL,2376,SAC,00,247,811,247,302,D,Kerjasama Industri dan Dunia Kerja,524111,A,0,A0,,0,0,16,7,38,Biaya Transportasi dari dan/atau ke Terminal Bus/Stasiun/Bandara/Pelabuhan Dalam Rangka Perjalanan Dinas Dalam Negeri (Sulawesi Ut,A,2,Org,2,PP,0,,0,,4,OK,134000,536000,,0,B01,44000,44000,44000,44000,44000,44000,44000,44000,44000,44000,44000,52000
634146,DL,2376,SAC,00,247,811,247,302,D,Kerjasama Industri dan Dunia Kerja,524111,A,0,A0,,0,1,17,8,39,Bali,A,0,,0,,0,,0,,0,,0,0,,0,B01,0,0,0,0,0,0,0,0,0,0,0,0
634146,DL,2376,SAC,00,247,811,247,302,D,Kerjasama Industri dan Dunia Kerja,524111,A,0,A0,,0,0,18,9,40,Satuan Biaya Tiket Pesawat  Perjalanan Dinas Dalam Negeri (PP) Ekonomi Denpasar - Sorong,A,0,,0,,0,,0,,1,OK,3000000,3000000,,0,B01,250000,250000,250000,250000,250000,250000,250000,250000,250000,250000,250000,250000
634146,DL,2376,SAC,00,247,811,247,302,D,Kerjasama Industri dan Dunia Kerja,524111,A,0,A0,,0,0,19,10,41,Uang Harian Perjalanan Dinas Luar Kota (Bali),A,1,Org,2,Hr,0,,0,,2,OH,384000,768000,,0,B01,64000,64000,64000,64000,64000,64000,64000,64000,64000,64000,64000,64000
634146,DL,2376,SAC,00,247,811,247,302,D,Kerjasama Industri dan Dunia Kerja,524111,A,0,A0,,0,0,2,11,42,Satuan Biaya Tiket Pesawat  Perjalanan Dinas Dalam Negeri (PP) Ekonomi JAKARTA - Sorong,A,0,,0,,0,,0,,12,OK,2800000,33600000,,0,B01,2800000,2800000,2800000,2800000,2800000,2800000,2800000,2800000,2800000,2800000,2800000,2800000
634146,DL,2376,SAC,00,247,811,247,302,D,Kerjasama Industri dan Dunia Kerja,524111,A,0,A0,,0,0,20,12,43,Biaya Penginapan Perjalanan Dinas Pejabat  Eselon IV/Golongan III  (B A L I),A,1,Org,2,Malam,0,,0,,2,OH,683000,1366000,,0,B01,113000,113000,113000,113000,113000,113000,113000,113000,113000,113000,113000,123000
634146,DL,2376,SAC,00,247,811,247,302,D,Kerjasama Industri dan Dunia Kerja,524111,A,0,A0,,0,0,21,13,44,Biaya Transportasi dari dan/atau ke Terminal Bus/Stasiun/Bandara/Pelabuhan Dalam Rangka Perjalanan Dinas Dalam Negeri (Bali),A,1,Org,1,PP,0,,0,,1,OK,175000,175000,,0,B01,14000,14000,14000,14000,14000,14000,14000,14000,14000,14000,14000,21000
634146,DL,2376,SAC,00,247,811,247,302,D,Kerjasama Industri dan Dunia Kerja,524111,A,0,A0,,0,1,22,14,45,Makassar,A,0,,0,,0,,0,,0,,0,0,,0,B01,0,0,0,0,0,0,0,0,0,0,0,0
634146,DL,2376,SAC,00,247,811,247,302,D,Kerjasama Industri dan Dunia Kerja,524111,A,0,A0,,0,0,23,15,46,Satuan Biaya Tiket Pesawat  Perjalanan Dinas Dalam Negeri (PP) Ekonomi Makassar - Sorong,A,0,,0,,0,,0,,1,OK,4200000,4200000,,0,B01,350000,350000,350000,350000,350000,350000,350000,350000,350000,350000,350000,350000
634146,DL,2376,SAC,00,247,811,247,302,D,Kerjasama Industri dan Dunia Kerja,524111,A,0,A0,,0,0,24,16,47,Uang Harian Perjalanan Dinas Luar Kota (Sulawesi  Selatan),A,1,Org,6,Hr,0,,0,,6,OH,370000,2220000,,0,B01,185000,185000,185000,185000,185000,185000,185000,185000,185000,185000,185000,185000
634146,DL,2376,SAC,00,247,811,247,302,D,Kerjasama Industri dan Dunia Kerja,524111,A,0,A0,,0,0,25,17,48,Biaya Penginapan Perjalanan Dinas Pejabat  Eselon IV/Golongan III  (SULAWESI  SELATAN),A,2,Org,2,Malam,0,,0,,4,OH,600000,2400000,,0,B01,200000,200000,200000,200000,200000,200000,200000,200000,200000,200000,200000,200000
634146,DL,2376,SAC,00,247,811,247,302,D,Kerjasama Industri dan Dunia Kerja,524111,A,0,A0,,0,0,26,18,49,Biaya Transportasi dari dan/atau ke Terminal Bus/Stasiun/Bandara/Pelabuhan Dalam Rangka Perjalanan Dinas Dalam Negeri (Sulawesi Se,A,2,Org,2,PP,0,,0,,4,OK,134000,536000,,0,B01,44000,44000,44000,44000,44000,44000,44000,44000,44000,44000,44000,52000
634146,DL,2376,SAC,00,247,811,247,302,D,Kerjasama Industri dan Dunia Kerja,524111,A,0,A0,,1,0,27,19,50,Raja Ampat,A,0,,0,,0,,0,,0,,0,0,,0,B01,0,0,0,0,0,0,0,0,0,0,0,0
634146,DL,2376,SAC,00,247,811,247,302,D,Kerjasama Industri dan Dunia Kerja,524111,A,0,A0,,0,0,28,20,51,Satuan Biaya Tiket Kapal  Perjalanan Dinas Dalam Negeri (PP) Ekonomi Rajaampat - Sorong,A,0,,0,,0,,0,,2,OK,1000000,2000000,,0,B01,166000,166000,166000,166000,166000,166000,166000,166000,166000,166000,166000,174000
634146,DL,2376,SAC,00,247,811,247,302,D,Kerjasama Industri dan Dunia Kerja,524111,A,0,A0,,0,0,29,21,52,Uang Harian Perjalanan Dinas Luar Kota (Papua  Barat Daya),A,2,Org,5,Hr,0,,0,,10,OH,480000,4800000,,0,B01,400000,400000,400000,400000,400000,400000,400000,400000,400000,400000,400000,400000
634146,DL,2376,SAC,00,247,811,247,302,D,Kerjasama Industri dan Dunia Kerja,524111,A,0,A0,,0,0,3,22,53,Uang Harian Perjalanan Dinas Luar Kota (D.K.I.  Jakarta),A,0,,0,,0,,0,,26.08,OH,530000,13824000,,0,B01,1152000,1152000,1152000,1152000,1152000,1152000,1152000,1152000,1152000,1152000,1152000,1152000
634146,DL,2376,SAC,00,247,811,247,302,D,Kerjasama Industri dan Dunia Kerja,524111,A,0,A0,,0,0,30,23,54,Biaya Penginapan Perjalanan Dinas Pejabat  Eselon IV/Golongan III  (PAPUA  BARAT DAYA),A,2,Org,4,Malam,0,,0,,8,OH,500000,4000000,,0,B01,333000,333000,333000,333000,333000,333000,333000,333000,333000,333000,333000,337000
634146,DL,2376,SAC,00,247,811,247,302,D,Kerjasama Industri dan Dunia Kerja,524111,A,0,A0,,0,0,31,24,55,Biaya Transportasi dari dan/atau ke Terminal Bus/Stasiun/Bandara/Pelabuhan Dalam Rangka Perjalanan Dinas Dalam Negeri (Papua Barat,A,2,Org,2,PP,0,,0,,4,OK,228000,912000,,0,B01,76000,76000,76000,76000,76000,76000,76000,76000,76000,76000,76000,76000
634146,DL,2376,SAC,00,247,811,247,302,D,Kerjasama Industri dan Dunia Kerja,524111,A,0,A0,,1,0,32,25,56,Ambon,A,0,,0,,0,,0,,0,,0,0,,0,B01,0,0,0,0,0,0,0,0,0,0,0,0
634146,DL,2376,SAC,00,247,811,247,302,D,Kerjasama Industri dan Dunia Kerja,524111,A,0,A0,,0,0,33,26,57,Satuan Biaya Tiket Pesawat  Perjalanan Dinas Dalam Negeri (PP) Ekonomi AMBON - SORONG,A,0,,0,,0,,0,,1,OK,966000,966000,,0,B01,80000,80000,80000,80000,80000,80000,80000,80000,80000,80000,80000,86000
634146,DL,2376,SAC,00,247,811,247,302,D,Kerjasama Industri dan Dunia Kerja,524111,A,0,A0,,0,0,34,27,58,Uang Harian Perjalanan Dinas Luar Kota (Maluku),A,0,,0,,0,,0,,2,O,228000,456000,,0,B01,38000,38000,38000,38000,38000,38000,38000,38000,38000,38000,38000,38000
634146,DL,2376,SAC,00,247,811,247,302,D,Kerjasama Industri dan Dunia Kerja,524111,A,0,A0,,0,0,35,28,59,Biaya Penginapan Perjalanan Dinas Pejabat  Eselon IV/Golongan III  (MALUKU),A,0,,0,,0,,0,,2,OH,267000,534000,,0,B01,44000,44000,44000,44000,44000,44000,44000,44000,44000,44000,44000,50000
634146,DL,2376,SAC,00,247,811,247,302,D,Kerjasama Industri dan Dunia Kerja,524111,A,0,A0,,0,0,36,29,60,Biaya Transportasi dari dan/atau ke Terminal Bus/Stasiun/Bandara/Pelabuhan Dalam Rangka Perjalanan Dinas Dalam Negeri (Maluku),A,0,,0,,0,,0,,1,OK,223000,223000,,0,B01,18000,18000,18000,18000,18000,18000,18000,18000,18000,18000,18000,25000
634146,DL,2376,SAC,00,247,811,247,302,D,Kerjasama Industri dan Dunia Kerja,524111,A,0,A0,,1,0,37,30,61,Kendari,A,0,,0,,0,,0,,0,,0,0,,0,B01,0,0,0,0,0,0,0,0,0,0,0,0
634146,DL,2376,SAC,00,247,811,247,302,D,Kerjasama Industri dan Dunia Kerja,524111,A,0,A0,,0,0,38,31,62,Satuan Biaya Tiket Pesawat  Perjalanan Dinas Dalam Negeri (PP) Ekonomi KENDARI - TIMIKA,A,0,,0,,0,,0,,1,OK,2400000,2400000,,0,B01,200000,200000,200000,200000,200000,200000,200000,200000,200000,200000,200000,200000
634146,DL,2376,SAC,00,247,811,247,302,D,Kerjasama Industri dan Dunia Kerja,524111,A,0,A0,,0,0,39,32,63,Uang Harian Perjalanan Dinas Luar Kota (Sulawesi  Tenggara),A,0,,0,,0,,0,,2,OH,228000,456000,,0,B01,38000,38000,38000,38000,38000,38000,38000,38000,38000,38000,38000,38000
634146,DL,2376,SAC,00,247,811,247,302,D,Kerjasama Industri dan Dunia Kerja,524111,A,0,A0,,0,0,4,33,64,Biaya Penginapan Perjalanan Dinas Pejabat  Eselon IV/Golongan III  (D.K.I.  JAKARTA),A,0,,0,,0,,0,,14.4,OH,730000,10512000,,0,B01,876000,876000,876000,876000,876000,876000,876000,876000,876000,876000,876000,876000
634146,DL,2376,SAC,00,247,811,247,302,D,Kerjasama Industri dan Dunia Kerja,524111,A,0,A0,,0,0,40,34,65,Biaya Penginapan Perjalanan Dinas Pejabat  Eselon IV/Golongan III  (SULAWESI  TENGGARA),A,0,,0,,0,,0,,2,OH,471500,943000,,0,B01,78000,78000,78000,78000,78000,78000,78000,78000,78000,78000,78000,85000
634146,DL,2376,SAC,00,247,811,247,302,D,Kerjasama Industri dan Dunia Kerja,524111,A,0,A0,,0,0,41,35,66,Biaya Transportasi dari dan/atau ke Terminal Bus/Stasiun/Bandara/Pelabuhan Dalam Rangka Perjalanan Dinas Dalam Negeri (Sulawesi Te,A,0,,0,,0,,0,,1,OK,123000,123000,,0,B01,10000,10000,10000,10000,10000,10000,10000,10000,10000,10000,10000,13000
634146,DL,2376,SAC,00,247,811,247,302,D,Kerjasama Industri dan Dunia Kerja,524111,A,0,A0,,0,0,5,36,67,Biaya Transportasi dari dan/atau ke Terminal Bus/Stasiun/Bandara/Pelabuhan Dalam Rangka Perjalanan Dinas Dalam Negeri (D.K.I. Jaka,A,0,,0,,0,,0,,9.6,OK,250000,2400000,,0,B01,200000,200000,200000,200000,200000,200000,200000,200000,200000,200000,200000,200000
634146,DL,2376,SAC,00,247,811,247,302,D,Kerjasama Industri dan Dunia Kerja,524111,A,0,A0,,1,0,6,37,68,Supervisi Praktik Kerja Lapang,A,0,,0,,0,,0,,0,,0,0,,0,B01,0,0,0,0,0,0,0,0,0,0,0,0
634146,DL,2376,SAC,00,247,811,247,302,D,Kerjasama Industri dan Dunia Kerja,524111,A,0,A0,,0,1,7,38,69,Surabaya,A,0,,0,,0,,0,,0,,0,0,,0,B01,0,0,0,0,0,0,0,0,0,0,0,0
634146,DL,2376,SAC,00,247,811,247,302,D,Kerjasama Industri dan Dunia Kerja,524111,A,0,A0,,0,0,8,39,70,Satuan Biaya Tiket Pesawat  Perjalanan Dinas Dalam Negeri (PP) Ekonomi Surabaya - Sorong,A,0,,0,,0,,0,,1,OK,7200000,7200000,,0,B01,600000,600000,600000,600000,600000,600000,600000,600000,600000,600000,600000,600000
634146,DL,2376,SAC,00,247,811,247,302,D,Kerjasama Industri dan Dunia Kerja,524111,A,0,A0,,0,0,9,40,71,Uang Harian Perjalanan Dinas Luar Kota (Jawa  Timur),A,2,Org,4,Hr,0,,0,,8,OH,410000,3280000,,0,B01,273000,273000,273000,273000,273000,273000,273000,273000,273000,273000,273000,277000
634146,DL,2376,SAC,00,247,811,247,304,B,Kegiatan Ekstrakulikuler dan Kerohanian,524111,A,0,A0,,1,0,1,0,142,Perjalanan Kegiatan Lomba,A,0,,0,,0,,0,,0,,0,0,,0,B01,0,0,0,0,0,0,0,0,0,0,0,0
634146,DL,2376,SAC,00,247,811,247,304,B,Kegiatan Ekstrakulikuler dan Kerohanian,524111,A,0,A0,,0,0,2,1,143,Satuan Biaya Tiket Pesawat  Perjalanan Dinas Dalam Negeri (PP) Ekonomi JAKARTA - Sorong,A,0,,0,,0,,0,,1,OK,5600000,5600000,,0,B01,0,568288,0,718137,0,718137,0,718137,718137,718137,718137,722890
634146,DL,2376,SAC,00,247,811,247,304,B,Kegiatan Ekstrakulikuler dan Kerohanian,524111,A,0,A0,,0,0,3,2,144,Uang Harian Perjalanan Dinas Luar Kota (D.K.I.  Jakarta),A,1,Org,3,Hr,0,,0,,3,OH,384000,1152000,,0,B01,0,116905,0,147731,0,147731,0,147731,147731,147731,147731,148709
634146,DL,2376,SAC,00,247,811,247,304,B,Kegiatan Ekstrakulikuler dan Kerohanian,524111,A,0,A0,,0,0,4,3,145,Biaya Penginapan Perjalanan Dinas Pejabat  Eselon IV/Golongan III  (D.K.I.  JAKARTA),A,2,Org,2,Malam,0,,0,,4,OH,300000,1200000,,0,B01,0,121776,0,153886,0,153886,0,153886,153886,153886,153886,154908
634146,DL,2376,SAC,00,247,811,247,304,B,Kegiatan Ekstrakulikuler dan Kerohanian,524111,A,0,A0,,0,0,5,4,146,Biaya Transportasi dari dan/atau ke Terminal Bus/Stasiun/Bandara/Pelabuhan Dalam Rangka Perjalanan Dinas Dalam Negeri (D.K.I. Jaka,A,2,Org,1,Kali,0,,0,,2,OK,200000,400000,,0,B01,0,40592,0,51295,0,51295,0,51295,51295,51295,51295,51638
634146,DL,2376,SAC,00,247,811,247,302,B,Praktik Reguler,524113,A,0,A0,,0,0,1,0,19,Satuan Biaya Transport Kegiatan Dalam Kabupaten/Kota Pergi Pulang (PP),A,0,,0,,0,,0,,86.4,OK,170000,14688000,,0,B01,1224000,1224000,1224000,1224000,1224000,1224000,1224000,1224000,1224000,1224000,1224000,1224000
634146,DL,2376,SAC,00,247,811,247,304,C,Fasilitasi Lulusan Pendidikan KP,524113,A,0,A0,,1,0,1,0,161,Tracer Studi,A,0,,0,,0,,0,,0,,0,0,,0,B01,0,0,0,0,0,0,0,0,0,0,0,0
634146,DL,2376,SAC,00,247,811,247,304,C,Fasilitasi Lulusan Pendidikan KP,524113,A,0,A0,,0,0,2,1,162,Uang Harian Perjalanan Dinas Dalam Kota Lebih dari 8 Jam (Papua  Barat Daya),A,3,Org,2,Smtr,0,,0,,6,OH,76000,456000,,0,B01,0,46275,0,58477,0,58477,0,58477,58477,58477,58477,58863
634146,DL,2376,SAC,00,247,811,247,304,C,Fasilitasi Lulusan Pendidikan KP,524113,A,0,A0,,1,0,3,2,163,Bursa Kerja,A,0,,0,,0,,0,,0,,0,0,,0,B01,0,0,0,0,0,0,0,0,0,0,0,0
634146,DL,2376,SAC,00,247,811,247,304,C,Fasilitasi Lulusan Pendidikan KP,524113,A,0,A0,,0,0,4,3,164,Uang Harian Perjalanan Dinas Dalam Kota Lebih dari 8 Jam (Papua  Barat Daya),A,2,Org,0,,0,,0,,2,OH,76000,152000,,0,B01,0,15423,0,19492,0,19492,0,19492,19492,19492,19492,19625
634146,DL,2376,SDC,00,2,843,2,101,A,Kegiatan Pengabdian Masyarakat berbasis hasil riset,521219,A,0,A0,,0,0,1,0,166,Pengabdian Masyarakat,A,0,,0,,0,,0,,1,Paket,17500000,17500000,,0,B01,0,0,0,832000,2083000,2083000,2083000,2083000,2083000,2083000,2083000,2087000
634146,WA,2378,EBA,00,2,962,1,301,A,Pelayanan Publik,521219,A,0,A0,,0,0,1,0,271,Operasional Pelayanan Publik,A,0,,0,,0,,0,,1,Thn,2100000,2100000,,0,B01,0,0,0,100000,250000,250000,250000,250000,250000,250000,250000,250000
634146,WA,2378,EBA,00,2,994,1,001,A,Pembayaran gaji dan tunjangan PNS,511111,A,0,A0,,0,0,1,0,167,Belanja Gaji Pokok PNS,A,0,,0,,0,,0,,12,Bln,325987000,3911844000,,0,B01,325987000,325987000,325987000,325987000,325987000,325987000,325987000,325987000,325987000,325987000,325987000,325987000
634146,WA,2378,EBA,00,2,994,1,001,A,Pembayaran gaji dan tunjangan PNS,511111,A,0,A0,,0,0,2,1,168,Belanja Gaji Pokok PNS (gaji ke 13),A,0,,0,,0,,0,,1,BLN,325987000,325987000,,0,B01,27165000,27165000,27165000,27165000,27165000,27165000,27165000,27165000,27165000,27165000,27165000,27172000
634146,WA,2378,EBA,00,2,994,1,001,A,Pembayaran gaji dan tunjangan PNS,511111,A,0,A0,,0,0,3,2,169,Belanja Gaji Pokok PNS (gaji ke 14),A,0,,0,,0,,0,,1,BLN,325987000,325987000,,0,B01,27165000,27165000,27165000,27165000,27165000,27165000,27165000,27165000,27165000,27165000,27165000,27172000
634146,WA,2378,EBA,00,2,994,1,001,A,Pembayaran gaji dan tunjangan PNS,511119,A,0,A0,,0,0,1,0,170,Belanja Pembulatan Gaji PNS,A,0,,0,,0,,0,,12,Bln,9190,110000,,0,B01,9000,9000,9000,9000,9000,9000,9000,9000,9000,9000,9000,11000
634146,WA,2378,EBA,00,2,994,1,001,A,Pembayaran gaji dan tunjangan PNS,511119,A,0,A0,,0,0,2,1,171,Belanja Pembulatan Gaji PNS (gaji ke 13),A,0,,0,,0,,0,,1,BLN,9190,9000,,0,B01,0,0,0,0,0,0,0,0,0,0,0,9000
634146,WA,2378,EBA,00,2,994,1,001,A,Pembayaran gaji dan tunjangan PNS,511119,A,0,A0,,0,0,3,2,172,Belanja Pembulatan Gaji PNS (gaji ke 14),A,0,,0,,0,,0,,1,BLN,9190,9000,,0,B01,0,0,0,0,0,0,0,0,0,0,0,9000
634146,WA,2378,EBA,00,2,994,1,001,A,Pembayaran gaji dan tunjangan PNS,511121,A,0,A0,,0,0,1,0,173,Belanja Tunj. Suami/Istri PNS,A,0,,0,,0,,0,,12,THN,32035000,384420000,,0,B01,32035000,32035000,32035000,32035000,32035000,32035000,32035000,32035000,32035000,32035000,32035000,32035000
634146,WA,2378,EBA,00,2,994,1,001,A,Pembayaran gaji dan tunjangan PNS,511121,A,0,A0,,0,0,2,1,174,Belanja Tunj. Suami/Istri PNS (gaji ke 13),A,0,,0,,0,,0,,1,BLN,32035000,32035000,,0,B01,2669000,2669000,2669000,2669000,2669000,2669000,2669000,2669000,2669000,2669000,2669000,2676000
634146,WA,2378,EBA,00,2,994,1,001,A,Pembayaran gaji dan tunjangan PNS,511121,A,0,A0,,0,0,3,2,175,Belanja Tunj. Suami/Istri PNS (gaji ke 14),A,0,,0,,0,,0,,1,BLN,32035000,32035000,,0,B01,2669000,2669000,2669000,2669000,2669000,2669000,2669000,2669000,2669000,2669000,2669000,2676000
634146,WA,2378,EBA,00,2,994,1,001,A,Pembayaran gaji dan tunjangan PNS,511122,A,0,A0,,0,0,1,0,176,Belanja Tunj.Anak PNS,A,0,,0,,0,,0,,12,THN,9709000,116508000,,0,B01,9709000,9709000,9709000,9709000,9709000,9709000,9709000,9709000,9709000,9709000,9709000,9709000
634146,WA,2378,EBA,00,2,994,1,001,A,Pembayaran gaji dan tunjangan PNS,511122,A,0,A0,,0,0,2,1,177,Belanja Tunj. Anak PNS (gaji ke 13),A,0,,0,,0,,0,,1,BLN,9709000,9709000,,0,B01,809000,809000,809000,809000,809000,809000,809000,809000,809000,809000,809000,810000
634146,WA,2378,EBA,00,2,994,1,001,A,Pembayaran gaji dan tunjangan PNS,511122,A,0,A0,,0,0,3,2,178,Belanja Tunj. Anak PNS (gaji ke 14),A,0,,0,,0,,0,,1,BLN,9709000,9709000,,0,B01,809000,809000,809000,809000,809000,809000,809000,809000,809000,809000,809000,810000
634146,WA,2378,EBA,00,2,994,1,001,A,Pembayaran gaji dan tunjangan PNS,511123,A,0,A0,,0,0,1,0,179,Belanja Tunj. Struktural PNS,A,0,,0,,0,,0,,12,Bln,540000,6480000,,0,B01,540000,540000,540000,540000,540000,540000,540000,540000,540000,540000,540000,540000
634146,WA,2378,EBA,00,2,994,1,001,A,Pembayaran gaji dan tunjangan PNS,511123,A,0,A0,,0,0,2,1,180,Belanja Tunj. Struktural PNS (gaji ke 13),A,0,,0,,0,,0,,1,Bln,540000,540000,,0,B01,45000,45000,45000,45000,45000,45000,45000,45000,45000,45000,45000,45000
634146,WA,2378,EBA,00,2,994,1,001,A,Pembayaran gaji dan tunjangan PNS,511123,A,0,A0,,0,0,3,2,181,Belanja Tunj. Struktural PNS (gaji ke 14),A,0,,0,,0,,0,,1,Bln,540000,540000,,0,B01,45000,45000,45000,45000,45000,45000,45000,45000,45000,45000,45000,45000
634146,WA,2378,EBA,00,2,994,1,001,A,Pembayaran gaji dan tunjangan PNS,511124,A,0,A0,,0,0,1,0,182,Belanja Tunjangan Fungsional PNS,A,0,,0,,0,,0,,12,Bln,25805000,309660000,,0,B01,25805000,25805000,25805000,25805000,25805000,25805000,25805000,25805000,25805000,25805000,25805000,25805000
634146,WA,2378,EBA,00,2,994,1,001,A,Pembayaran gaji dan tunjangan PNS,511124,A,0,A0,,0,0,2,1,183,Belanja Tunjangan Fungsional PNS (gaji ke 13),A,0,,0,,0,,0,,1,BLN,25805000,25805000,,0,B01,2150000,2150000,2150000,2150000,2150000,2150000,2150000,2150000,2150000,2150000,2150000,2155000
634146,WA,2378,EBA,00,2,994,1,001,A,Pembayaran gaji dan tunjangan PNS,511124,A,0,A0,,0,0,3,2,184,Belanja Tunjangan Fungsional PNS (gaji ke 14),A,0,,0,,0,,0,,1,BLN,25805000,25805000,,0,B01,2150000,2150000,2150000,2150000,2150000,2150000,2150000,2150000,2150000,2150000,2150000,2155000
634146,WA,2378,EBA,00,2,994,1,001,A,Pembayaran gaji dan tunjangan PNS,511125,A,0,A0,,0,0,1,0,185,Belanja Tunjangan PPh PNS,A,0,,0,,0,,0,,12,Bln,955000,11460000,,0,B01,955000,955000,955000,955000,955000,955000,955000,955000,955000,955000,955000,955000
634146,WA,2378,EBA,00,2,994,1,001,A,Pembayaran gaji dan tunjangan PNS,511125,A,0,A0,,0,0,2,1,186,Belanja Tunjangan PPh PNS (gaji ke 13),A,0,,0,,0,,0,,1,BLN,955000,955000,,0,B01,79000,79000,79000,79000,79000,79000,79000,79000,79000,79000,79000,86000
634146,WA,2378,EBA,00,2,994,1,001,A,Pembayaran gaji dan tunjangan PNS,511125,A,0,A0,,0,0,3,2,187,Belanja Tunjangan PPh PNS (gaji ke 14),A,0,,0,,0,,0,,1,BLN,955000,955000,,0,B01,79000,79000,79000,79000,79000,79000,79000,79000,79000,79000,79000,86000
634146,WA,2378,EBA,00,2,994,1,001,A,Pembayaran gaji dan tunjangan PNS,511126,A,0,A0,,0,0,1,0,188,Belanja Tunj Beras PNS,A,0,,0,,0,,0,,12,Bln,20494000,245928000,,0,B01,20494000,20494000,20494000,20494000,20494000,20494000,20494000,20494000,20494000,20494000,20494000,20494000
634146,WA,2378,EBA,00,2,994,1,001,A,Pembayaran gaji dan tunjangan PNS,511126,A,0,A0,,0,0,2,1,189,Belanja Tunj Beras PNS (gaji ke 13),A,0,,0,,0,,0,,1,Bln,20494000,20494000,,0,B01,1707000,1707000,1707000,1707000,1707000,1707000,1707000,1707000,1707000,1707000,1707000,1717000
634146,WA,2378,EBA,00,2,994,1,001,A,Pembayaran gaji dan tunjangan PNS,511126,A,0,A0,,0,0,3,2,190,Belanja Tunj Beras PNS (gaji ke 14),A,0,,0,,0,,0,,1,Bln,20494000,20494000,,0,B01,1707000,1707000,1707000,1707000,1707000,1707000,1707000,1707000,1707000,1707000,1707000,1717000
634146,WA,2378,EBA,00,2,994,1,001,A,Pembayaran gaji dan tunjangan PNS,511129,A,0,A0,,0,0,1,0,191,Belanja Uang Makan PNS,A,0,,0,,0,,0,,12,Bln,58446000,701352000,,0,B01,58446000,58446000,58446000,58446000,58446000,58446000,58446000,58446000,58446000,58446000,58446000,58446000
634146,WA,2378,EBA,00,2,994,1,001,A,Pembayaran gaji dan tunjangan PNS,511138,A,0,A0,,0,0,1,0,192,Belanja Tunjangan Papua,A,0,,0,,0,,0,,12,Bln,40920000,491040000,,0,B01,40920000,40920000,40920000,40920000,40920000,40920000,40920000,40920000,40920000,40920000,40920000,40920000
634146,WA,2378,EBA,00,2,994,1,001,A,Pembayaran gaji dan tunjangan PNS,511151,A,0,A0,,0,0,1,0,193,Belanja Tunjangan Umum PNS,A,0,,0,,0,,0,,12,Bln,8470000,101640000,,0,B01,8470000,8470000,8470000,8470000,8470000,8470000,8470000,8470000,8470000,8470000,8470000,8470000
634146,WA,2378,EBA,00,2,994,1,001,A,Pembayaran gaji dan tunjangan PNS,511151,A,0,A0,,0,0,2,1,194,Belanja Tunjangan Umum PNS (gaji ke 13),A,0,,0,,0,,0,,1,BLN,8470000,8470000,,0,B01,705000,705000,705000,705000,705000,705000,705000,705000,705000,705000,705000,715000
634146,WA,2378,EBA,00,2,994,1,001,A,Pembayaran gaji dan tunjangan PNS,511151,A,0,A0,,0,0,3,2,195,Belanja Tunjangan Umum PNS (gaji ke 14),A,0,,0,,0,,0,,1,BLN,8470000,8470000,,0,B01,705000,705000,705000,705000,705000,705000,705000,705000,705000,705000,705000,715000
634146,WA,2378,EBA,00,2,994,1,001,A,Pembayaran gaji dan tunjangan PNS,511153,A,0,A0,,0,0,1,0,196,Belanja Tunjangan Profesi Dosen,A,0,,0,,0,,0,,1,Thn,892492000,892492000,,0,B01,74374000,74374000,74374000,74374000,74374000,74374000,74374000,74374000,74374000,74374000,74374000,74378000
634146,WA,2378,EBA,00,2,994,1,001,B,Pembayaran Gaji dan Tunjangan PPPK,511611,A,0,A0,,0,0,1,0,204,Belanja Gaji Pokok PPPK,A,0,,0,,0,,0,,12,Bln,24248000,290976000,,0,B01,24248000,24248000,24248000,24248000,24248000,24248000,24248000,24248000,24248000,24248000,24248000,24248000
634146,WA,2378,EBA,00,2,994,1,001,B,Pembayaran Gaji dan Tunjangan PPPK,511611,A,0,A0,,0,0,2,1,205,Belanja Gaji Pokok PPPK (gaji ke 13),A,0,,0,,0,,0,,1,Bln,24248000,24248000,,0,B01,2020000,2020000,2020000,2020000,2020000,2020000,2020000,2020000,2020000,2020000,2020000,2028000
634146,WA,2378,EBA,00,2,994,1,001,B,Pembayaran Gaji dan Tunjangan PPPK,511611,A,0,A0,,0,0,3,2,206,Belanja Gaji Pokok PPPK (gaji ke 14),A,0,,0,,0,,0,,1,Bln,24248000,24248000,,0,B01,2020000,2020000,2020000,2020000,2020000,2020000,2020000,2020000,2020000,2020000,2020000,2028000
634146,WA,2378,EBA,00,2,994,1,001,B,Pembayaran Gaji dan Tunjangan PPPK,511619,A,0,A0,,0,0,1,0,207,Belanja Pembulatan Gaji PPPK,A,0,,0,,0,,0,,1,Thn,40000,40000,,0,B01,3000,3000,3000,3000,3000,3000,3000,3000,3000,3000,3000,7000
634146,WA,2378,EBA,00,2,994,1,001,B,Pembayaran Gaji dan Tunjangan PPPK,511621,A,0,A0,,0,0,1,0,208,Belanja Tunjangan Suami/Istri PPPK,A,0,,0,,0,,0,,12,Bln,960000,11520000,,0,B01,960000,960000,960000,960000,960000,960000,960000,960000,960000,960000,960000,960000
634146,WA,2378,EBA,00,2,994,1,001,B,Pembayaran Gaji dan Tunjangan PPPK,511621,A,0,A0,,0,0,2,1,209,Belanja Tunjangan Suami/Istri PPPK (gaji ke 13),A,0,,0,,0,,0,,1,Bln,960000,960000,,0,B01,80000,80000,80000,80000,80000,80000,80000,80000,80000,80000,80000,80000
634146,WA,2378,EBA,00,2,994,1,001,B,Pembayaran Gaji dan Tunjangan PPPK,511621,A,0,A0,,0,0,3,2,210,Belanja Tunjangan Suami/Istri PPPK (gaji ke 14),A,0,,0,,0,,0,,1,Bln,960000,960000,,0,B01,80000,80000,80000,80000,80000,80000,80000,80000,80000,80000,80000,80000
634146,WA,2378,EBA,00,2,994,1,001,B,Pembayaran Gaji dan Tunjangan PPPK,511622,A,0,A0,,0,0,1,0,211,Belanja Tunjangan Anak PPPK,A,0,,0,,0,,0,,12,Bln,1086000,13032000,,0,B01,1086000,1086000,1086000,1086000,1086000,1086000,1086000,1086000,1086000,1086000,1086000,1086000
634146,WA,2378,EBA,00,2,994,1,001,B,Pembayaran Gaji dan Tunjangan PPPK,511622,A,0,A0,,0,0,2,1,212,Belanja Tunjangan Anak PPPK (gaji ke 13),A,0,,0,,0,,0,,1,Bln,128000,128000,,0,B01,10000,10000,10000,10000,10000,10000,10000,10000,10000,10000,10000,18000
634146,WA,2378,EBA,00,2,994,1,001,B,Pembayaran Gaji dan Tunjangan PPPK,511622,A,0,A0,,0,0,3,2,213,Belanja Tunjangan Anak PPPK (gaji ke 14),A,0,,0,,0,,0,,1,Bln,128000,128000,,0,B01,10000,10000,10000,10000,10000,10000,10000,10000,10000,10000,10000,18000
634146,WA,2378,EBA,00,2,994,1,001,B,Pembayaran Gaji dan Tunjangan PPPK,511624,A,0,A0,,0,0,1,0,214,Belanja Tunjangan Fungsional PPPK,A,0,,0,,0,,0,,12,Bln,840000,10080000,,0,B01,840000,840000,840000,840000,840000,840000,840000,840000,840000,840000,840000,840000
634146,WA,2378,EBA,00,2,994,1,001,B,Pembayaran Gaji dan Tunjangan PPPK,511624,A,0,A0,,0,0,2,1,215,Belanja Tunjangan Fungsional PPPK (gaji ke 13),A,0,,0,,0,,0,,1,Bln,840000,840000,,0,B01,70000,70000,70000,70000,70000,70000,70000,70000,70000,70000,70000,70000
634146,WA,2378,EBA,00,2,994,1,001,B,Pembayaran Gaji dan Tunjangan PPPK,511624,A,0,A0,,0,0,3,2,216,Belanja Tunjangan Fungsional PPPK (gaji ke 14),A,0,,0,,0,,0,,1,Bln,840000,840000,,0,B01,70000,70000,70000,70000,70000,70000,70000,70000,70000,70000,70000,70000
634146,WA,2378,EBA,00,2,994,1,001,B,Pembayaran Gaji dan Tunjangan PPPK,511625,A,0,A0,,0,0,1,0,217,Belanja Tunjangan Beras PPPK,A,0,,0,,0,,0,,12,Bln,1086000,13032000,,0,B01,1086000,1086000,1086000,1086000,1086000,1086000,1086000,1086000,1086000,1086000,1086000,1086000
634146,WA,2378,EBA,00,2,994,1,001,B,Pembayaran Gaji dan Tunjangan PPPK,511625,A,0,A0,,0,0,2,1,218,Belanja Tunjangan Beras PPPK (gaji ke 13),A,0,,0,,0,,0,,1,Bln,1086000,1086000,,0,B01,90000,90000,90000,90000,90000,90000,90000,90000,90000,90000,90000,96000
634146,WA,2378,EBA,00,2,994,1,001,B,Pembayaran Gaji dan Tunjangan PPPK,511625,A,0,A0,,0,0,3,2,219,Belanja Tunjangan Beras PPPK (gaji ke 14),A,0,,0,,0,,0,,1,Bln,1086000,1086000,,0,B01,90000,90000,90000,90000,90000,90000,90000,90000,90000,90000,90000,96000
634146,WA,2378,EBA,00,2,994,1,001,B,Pembayaran Gaji dan Tunjangan PPPK,511628,A,0,A0,,0,0,1,0,220,Belanja Uang Makan PPPK,A,11,ORG,25,Hr,12,BLN,0,,3300,OH,37000,122100000,,0,B01,10175000,10175000,10175000,10175000,10175000,10175000,10175000,10175000,10175000,10175000,10175000,10175000
634146,WA,2378,EBA,00,2,994,1,001,B,Pembayaran Gaji dan Tunjangan PPPK,511632,A,0,A0,,0,0,1,0,221,Belanja Tunjangan Khusus Papua PPPK,A,0,,0,,0,,0,,12,Bln,3100000,37200000,,0,B01,3100000,3100000,3100000,3100000,3100000,3100000,3100000,3100000,3100000,3100000,3100000,3100000
634146,WA,2378,EBA,00,2,994,1,001,B,Pembayaran Gaji dan Tunjangan PPPK,511633,A,0,A0,,0,0,1,0,222,Belanja Tunjangan umum PPPK,A,0,,0,,0,,0,,12,Bln,1500000,18000000,,0,B01,1500000,1500000,1500000,1500000,1500000,1500000,1500000,1500000,1500000,1500000,1500000,1500000
634146,WA,2378,EBA,00,2,994,1,001,B,Pembayaran Gaji dan Tunjangan PPPK,511633,A,0,A0,,0,0,2,1,223,Belanja Tunjangan umum PPPK (gaji ke 13),A,0,,0,,0,,0,,1,Bln,1500000,1500000,,0,B01,125000,125000,125000,125000,125000,125000,125000,125000,125000,125000,125000,125000
634146,WA,2378,EBA,00,2,994,1,001,B,Pembayaran Gaji dan Tunjangan PPPK,511633,A,0,A0,,0,0,3,2,224,Belanja Tunjangan umum PPPK (gaji ke 14),A,0,,0,,0,,0,,1,Bln,1500000,1500000,,0,B01,125000,125000,125000,125000,125000,125000,125000,125000,125000,125000,125000,125000
634146,WA,2378,EBA,00,2,994,1,001,A,Pembayaran gaji dan tunjangan PNS,512211,A,0,A0,,0,0,1,0,280,Pemenuhan Prioritas Direktif Presiden,A,0,,0,,0,,0,,1,pkt,42643000,42643000,,0,B01,3351386,3351386,3351386,3351386,3351386,3351386,3351386,3351386,3351386,3351386,3351386,5777754
634146,WA,2378,EBA,00,2,994,1,001,A,Pembayaran gaji dan tunjangan PNS,512211,A,0,A0,,0,0,2,1,197,Uang Lembur Golongan IV,A,0,,0,,0,,0,,268.82,OJ,36000,9677000,,0,B01,760532,760532,760532,760532,760532,760532,760532,760532,760532,760532,760532,1311148
634146,WA,2378,EBA,00,2,994,1,001,A,Pembayaran gaji dan tunjangan PNS,512211,A,0,A0,,0,0,3,2,198,Uang Lembur Golongan III,A,0,,0,,0,,0,,1209.6,OJ,30000,36288000,,0,B01,2851935,2851935,2851935,2851935,2851935,2851935,2851935,2851935,2851935,2851935,2851935,4916715
634146,WA,2378,EBA,00,2,994,1,001,A,Pembayaran gaji dan tunjangan PNS,512211,A,0,A0,,0,0,4,3,199,Uang Lembur Golongan II,A,0,,0,,0,,0,,252,OJ,24000,6048000,,0,B01,475323,475323,475323,475323,475323,475323,475323,475323,475323,475323,475323,819447
634146,WA,2378,EBA,00,2,994,1,001,A,Pembayaran gaji dan tunjangan PNS,512211,A,0,A0,,0,0,5,4,200,Uang Makan ASN Golongan IV,A,0,,0,,0,,0,,134.4,OH,41000,5510000,,0,B01,433040,433040,433040,433040,433040,433040,433040,433040,433040,433040,433040,746560
634146,WA,2378,EBA,00,2,994,1,001,A,Pembayaran gaji dan tunjangan PNS,512211,A,0,A0,,0,0,6,5,201,Uang Makan ASN Golongan III,A,0,,0,,0,,0,,604.82,OH,37000,22378000,,0,B01,1758725,1758725,1758725,1758725,1758725,1758725,1758725,1758725,1758725,1758725,1758725,3032025
634146,WA,2378,EBA,00,2,994,1,001,A,Pembayaran gaji dan tunjangan PNS,512211,A,0,A0,,0,0,7,6,202,Uang Makan ASN Golongan I dan II,A,0,,0,,0,,0,,84,OH,35000,2940000,,0,B01,231059,231059,231059,231059,231059,231059,231059,231059,231059,231059,231059,398351
634146,WA,2378,EBA,00,2,994,1,001,B,Pembayaran Gaji dan Tunjangan PPPK,512212,A,0,A0,,0,0,1,0,225,Uang Lembur Golongan II,A,0,,0,,0,,0,,336,OJ,24000,8064000,,0,B01,484034,484034,484034,484034,484034,484034,484034,484034,484034,959839,959839,1788016
634146,WA,2378,EBA,00,2,994,1,001,B,Pembayaran Gaji dan Tunjangan PPPK,512212,A,0,A0,,0,0,2,1,226,Uang Makan ASN Golongan I dan II,A,0,,0,,0,,0,,168,OH,35000,5880000,,0,B01,352941,352941,352941,352941,352941,352941,352941,352941,352941,699882,699882,1303767
634146,WA,2378,EBA,00,2,994,1,001,B,Pembayaran Gaji dan Tunjangan PPPK,512212,A,0,A0,,0,0,3,2,227,Uang Lembur Golongan III,A,0,,0,,0,,0,,56,OJ,30000,1680000,,0,B01,100840,100840,100840,100840,100840,100840,100840,100840,100840,199966,199966,372508
634146,WA,2378,EBA,00,2,994,1,001,B,Pembayaran Gaji dan Tunjangan PPPK,512212,A,0,A0,,0,0,4,3,228,Uang Makan ASN Golongan III,A,0,,0,,0,,0,,28,OH,37000,1036000,,0,B01,62185,62185,62185,62185,62185,62185,62185,62185,62185,123313,123313,229709
634146,WA,2378,EBA,00,2,994,1,001,A,Pembayaran gaji dan tunjangan PNS,512411,A,0,A0,,0,0,1,0,203,Belanja Pegewai(Tunjangan Khusus/Kegiatan/Kinerja),A,0,,0,,0,,0,,1,Thn,5095957000,5095957000,,0,B01,424663000,424663000,424663000,424663000,424663000,424663000,424663000,424663000,424663000,424663000,424663000,424664000
634146,WA,2378,EBA,00,2,994,1,001,B,Pembayaran Gaji dan Tunjangan PPPK,512414,A,0,A0,,0,0,1,0,229,Belanja Pegawai Tunjangan  Khusus/Kegiatan/Kinerja PPPK,A,0,,0,,0,,0,,14,Bln,20000000,280000000,,0,B01,23333000,23333000,23333000,23333000,23333000,23333000,23333000,23333000,23333000,23333000,23333000,23337000
634146,WA,2378,EBA,00,2,994,1,002,A,Kebutuhan Sehari-hari Perkantoran,521111,A,0,A0,,0,0,1,0,230,"Operasional Perpustakaan (e-Journal, e-Repository, e-Book)",A,1,Keg,12,BLN,0,,0,,12,BLN,500000,6000000,,0,B01,335202,335202,335202,335202,335202,673678,673517,666879,680855,680855,680855,267351
634146,WA,2378,EBA,00,2,994,1,002,A,Kebutuhan Sehari-hari Perkantoran,521111,A,0,A0,,0,0,10,1,233,"Uang Lembur Satpam, Pengemudi, Petugas Kebersihan, dan Pramubakti (PJLP)",A,3,Org,2,Jam,2,Kl,25,,300,OJ,13000,3900000,,0,B01,217882,217882,217882,217882,217882,437891,437786,433471,442555,442555,442555,173777
634146,WA,2378,EBA,00,2,994,1,002,A,Kebutuhan Sehari-hari Perkantoran,521111,A,0,A0,,0,0,11,2,234,"Uang Makan Lembur Satpam, Pengemudi, Petugas Kebersihan, dan Pramubakti",A,3,Org,2,KL,25,MG,0,,150,OH,30000,4500000,,0,B01,251401,251401,251401,251401,251401,505258,505138,500159,510640,510640,510640,200520
634146,WA,2378,EBA,00,2,994,1,002,A,Kebutuhan Sehari-hari Perkantoran,521111,A,0,A0,,0,0,2,3,235,Perawatan Perlengkapan Asrama,A,0,,0,,0,,0,,1,thn,11684000,11684000,,0,B01,652751,652751,652751,652751,652751,1311875,1311563,1298636,1325851,1325851,1325851,520618
634146,WA,2378,EBA,00,2,994,1,002,A,Kebutuhan Sehari-hari Perkantoran,521111,A,0,A0,,0,0,3,4,238,Honorarium PJLP Pengemudi Operasional,A,0,,0,,0,,0,,13,OB,4124000,53612000,,0,B01,2995145,2995145,2995145,2995145,2995145,6019537,6018103,5958788,6083662,6083662,6083662,2388861
634146,WA,2378,EBA,00,2,994,1,002,A,Kebutuhan Sehari-hari Perkantoran,521111,A,0,A0,,0,0,4,5,239,Honorarium PJLP Pengemudi Pimpinan,A,0,,0,,0,,0,,13,OB,4124000,53612000,,0,B01,2995145,2995145,2995145,2995145,2995145,6019537,6018103,5958788,6083662,6083662,6083662,2388861
634146,WA,2378,EBA,00,2,994,1,002,A,Kebutuhan Sehari-hari Perkantoran,521111,A,0,A0,,0,0,5,6,240,Honorarium PJLP Petugas Layanan Informasi,A,3,org,13,bln,0,,0,,39,OB,3749000,146211000,,0,B01,8168380,8168380,8168380,8168380,8168380,16416520,16412609,16250846,16591404,16591404,16591404,6514913
634146,WA,2378,EBA,00,2,994,1,002,A,Kebutuhan Sehari-hari Perkantoran,521111,A,0,A0,,0,0,6,7,241,Honorarium PJLP Sekretaris Pimpinan,A,0,,0,,0,,0,,13,OB,3749000,48737000,,0,B01,2722793,2722793,2722793,2722793,2722793,5472173,5470870,5416949,5530468,5530468,5530468,2171639
634146,WA,2378,EBA,00,2,994,1,002,A,Kebutuhan Sehari-hari Perkantoran,521111,A,0,A0,,0,0,7,8,242,Konsumsi Jamuan Tamu dan Penyelenggaraan Rapat,A,0,,0,,0,,0,,1,Thn,21998000,21998000,,0,B01,1228964,1228964,1228964,1228964,1228964,2469928,2469339,2445001,2496240,2496240,2496240,980192
634146,WA,2378,EBA,00,2,994,1,002,A,Kebutuhan Sehari-hari Perkantoran,521111,A,0,A0,,0,0,8,9,231,keperluan Sehari-hari Perkantoran lebih dari 40 Pegawai (Papua Barat Daya),A,0,,0,,0,,0,,80,OT,850000,68000000,,0,B01,3798961,3798961,3798961,3798961,3798961,7635016,7633197,7557964,7716351,7716351,7716351,3029965
634146,WA,2378,EBA,00,2,994,1,002,A,Kebutuhan Sehari-hari Perkantoran,521111,A,0,A0,,0,0,9,10,232,BPJS PNPM dan PJLP ditanggung Pemerintah,A,0,,0,,0,,0,,1,Thn,118735000,118735000,,0,B01,6633376,6633376,6633376,6633376,6633376,13331524,13328348,13196983,13473544,13473544,13473544,5290633
634146,WA,2378,EBA,00,2,994,1,002,B,Langganan Daya dan Jasa,521111,A,0,A0,,0,0,1,0,243,Air Time Fee VMS,A,0,,0,,0,,0,,1,Thn,6600000,6600000,,0,B01,0,589348,589348,589348,589348,589348,589348,589348,589348,589348,589348,706520
634146,WA,2378,EBA,00,2,994,1,002,B,Langganan Daya dan Jasa,521111,A,0,A0,,0,0,2,1,244,Langganan Listrik,A,0,,0,,0,,0,,12,Bln,20000000,240000000,,0,B01,0,21430820,21430820,21430820,21430820,21430820,21430820,21430820,21430820,21430820,21430820,25691800
634146,WA,2378,EBA,00,2,994,1,002,B,Langganan Daya dan Jasa,521111,A,0,A0,,0,0,3,2,245,Langganan Akses Internet,A,0,,0,,0,,0,,12,Bln,15000000,180000000,,0,B01,0,16073115,16073115,16073115,16073115,16073115,16073115,16073115,16073115,16073115,16073115,19268850
634146,WA,2378,EBA,00,2,994,1,002,D,Pembayaran Terkait Pelaksanaan Operasional Kantor,521115,A,0,A0,,0,0,1,0,263,Honorarium Pejabat Pembuat Komitmen (pagu dana di atas  Rp10 miliar s.d. Rp25 miliar),A,1,org,12,bln,0,,0,,12,OB,1750000,21000000,,0,B01,0,1875197,1875197,1875197,1875197,1875197,1875197,1875197,1875197,1875197,1875197,2248030
634146,WA,2378,EBA,00,2,994,1,002,D,Pembayaran Terkait Pelaksanaan Operasional Kantor,521115,A,0,A0,,0,0,2,1,264,Honorarium Pejabat Kuasa Pengguna Anggaran (pagu dana di atas  Rp10 miliar s.d. Rp25 miliar),A,1,org,12,,0,,0,,12,OB,1800000,21600000,,0,B01,0,1928774,1928774,1928774,1928774,1928774,1928774,1928774,1928774,1928774,1928774,2312260
634146,WA,2378,EBA,00,2,994,1,002,D,Pembayaran Terkait Pelaksanaan Operasional Kantor,521115,A,0,A0,,0,0,3,2,265,Honorarium Pejabat  Penguji Tagihan   Penandatangan  Spm (pagu dana di atas  Rp10 miliar s.d. Rp25 miliar),A,1,org,12,bln,0,,0,,12,OB,750000,9000000,,0,B01,0,803656,803656,803656,803656,803656,803656,803656,803656,803656,803656,963440
634146,WA,2378,EBA,00,2,994,1,002,D,Pembayaran Terkait Pelaksanaan Operasional Kantor,521115,A,0,A0,,0,0,4,3,266,Honorarium Bendahara  Pengeluaran (pagu dana di atas  Rp10 miliar s.d. Rp25 miliar),A,1,org,12,bln,0,,0,,12,OB,660000,7920000,,0,B01,0,707217,707217,707217,707217,707217,707217,707217,707217,707217,707217,847830
634146,WA,2378,EBA,00,2,994,1,002,D,Pembayaran Terkait Pelaksanaan Operasional Kantor,521115,A,0,A0,,0,0,5,4,267,Honorarium Staf  Pengelola (pagu dana di atas  Rp10 miliar s.d. Rp25 miliar),A,5,orang,12,BLN,0,,0,,60,OB,490000,29400000,,0,B01,0,2625275,2625275,2625275,2625275,2625275,2625275,2625275,2625275,2625275,2625275,3147250
634146,WA,2378,EBA,00,2,994,1,002,D,Pembayaran Terkait Pelaksanaan Operasional Kantor,521115,A,0,A0,,0,0,6,5,268,Honorarium Bendahara Pengelola  Pnbp (pagu dana di atas  Rp250 juta s.d. Rp500 juta),A,0,,0,,0,,0,,12,OB,300000,3600000,,0,B01,0,321462,321462,321462,321462,321462,321462,321462,321462,321462,321462,385380
634146,WA,2378,EBA,00,2,994,1,002,D,Pembayaran Terkait Pelaksanaan Operasional Kantor,521115,A,0,A0,,0,0,7,6,269,Honorarium Pengurus/Penyimpan Bmn Tingkat Kuasa Pengguna Barang,A,2,org,12,bln,0,,0,,24,OB,180000,4320000,,0,B01,0,385755,385755,385755,385755,385755,385755,385755,385755,385755,385755,462450
634146,WA,2378,EBA,00,2,994,1,002,D,Pembayaran Terkait Pelaksanaan Operasional Kantor,521115,A,0,A0,,0,0,8,7,270,Honorarium Pejabat Pengadaan Barang/Jasa,A,1,org,12,bln,0,,0,,12,OB,272000,3264000,,0,B01,0,291456,291456,291456,291456,291456,291456,291456,291456,291456,291456,349440
634146,WA,2378,EBA,00,2,994,1,002,B,Langganan Daya dan Jasa,521219,A,0,A0,,0,0,1,0,246,Biaya Pengadaan Aplikasi,A,0,,0,,0,,0,,12,BLN,2000000,24000000,,0,B01,0,2143082,2143082,2143082,2143082,2143082,2143082,2143082,2143082,2143082,2143082,2569180
634146,WA,2378,EBA,00,2,994,1,002,C,Pemeliharaan Perkantoran,523111,A,0,A0,,0,0,1,0,247,Pemeliharaan Bangunan Gedung Pendidikan Permanen,A,0,,0,,0,,0,,340,M2,422100,143514000,,0,B01,0,0,0,0,0,85784820,0,57729180,0,0,0,0
634146,WA,2378,EBA,00,2,994,1,002,C,Pemeliharaan Perkantoran,523111,A,0,A0,,0,0,2,1,248,Pemeliharaan Bangunan Gedung Tempat Ibadah Permanen,A,0,,0,,0,,0,,144,M2,422100,60782000,,0,B01,0,0,0,0,0,36332155,0,24449845,0,0,0,0
634146,WA,2378,EBA,00,2,994,1,002,C,Pemeliharaan Perkantoran,523111,A,0,A0,,0,0,3,2,249,Pemeliharaan Mes Bungalow (Papua Barat Daya),A,0,,0,,0,,0,,70,M2,422100,29547000,,0,B01,0,0,0,0,0,17661581,0,11885419,0,0,0,0
634146,WA,2378,EBA,00,2,994,1,002,C,Pemeliharaan Perkantoran,523111,A,0,A0,,0,0,4,3,250,Pemeliharaan Halaman Gedung/Bangunan Kantor (Papua Barat Daya),A,0,,0,,0,,0,,1000,M2,17100,17100000,,0,B01,0,0,0,0,0,10221444,0,6878556,0,0,0,0
634146,WA,2378,EBA,00,2,994,1,002,C,Pemeliharaan Perkantoran,523121,A,0,A0,,0,0,1,0,251,Biaya Pemeliharaan dan Operasional Kendaraan Roda 6,A,0,,0,,0,,0,,1,UNIT,33399000,33399000,,0,B01,308700,308700,308700,308700,29540244,308700,308700,308700,308700,308700,308700,771756
634146,WA,2378,EBA,00,2,994,1,002,C,Pemeliharaan Perkantoran,523121,A,0,A0,,0,0,10,1,252,Pemeliharaan Mesin Pemotong Rumput,A,0,,0,,0,,0,,4,UNIT,1350000,5400000,,0,B01,49911,49911,49911,49911,4776110,49911,49911,49911,49911,49911,49911,124780
634146,WA,2378,EBA,00,2,994,1,002,C,Pemeliharaan Perkantoran,523121,A,0,A0,,0,0,2,2,253,Biaya Pemeliharaan dan Operasional Kendaraan Roda 4 (Papua Barat Daya),A,0,,0,,0,,0,,1,UNIT,33885000,33885000,,0,B01,313192,313192,313192,313192,29970094,313192,313192,313192,313192,313192,313192,782986
634146,WA,2378,EBA,00,2,994,1,002,C,Pemeliharaan Perkantoran,523121,A,0,A0,,0,0,3,3,254,Biaya Pemeliharaan dan Operasional Kendaraan Roda Dua,A,0,,0,,0,,0,,2,UNIT,2880000,5760000,,0,B01,53239,53239,53239,53239,5094518,53239,53239,53239,53239,53239,53239,133092
634146,WA,2378,EBA,00,2,994,1,002,C,Pemeliharaan Perkantoran,523121,A,0,A0,,0,0,4,4,255,Pemeliharaan Printer,A,0,,0,,0,,0,,16,UNIT,621000,9936000,,0,B01,91837,91837,91837,91837,8788043,91837,91837,91837,91837,91837,91837,229587
634146,WA,2378,EBA,00,2,994,1,002,C,Pemeliharaan Perkantoran,523121,A,0,A0,,0,0,5,5,256,Pemeliharaan AC Split,A,0,,0,,0,,0,,1,Tahun,20866000,20866000,,0,B01,192860,192860,192860,192860,18455245,192860,192860,192860,192860,192860,192860,482155
634146,WA,2378,EBA,00,2,994,1,002,C,Pemeliharaan Perkantoran,523121,A,0,A0,,0,0,6,6,257,Pemeliharaan Personal Computer/Notebook,A,0,,0,,0,,0,,36,UNIT,657000,23652000,,0,B01,218611,218611,218611,218611,20919364,218611,218611,218611,218611,218611,218611,546526
634146,WA,2378,EBA,00,2,994,1,002,C,Pemeliharaan Perkantoran,523121,A,0,A0,,0,0,7,7,258,Pemeliharaan Media Pembelajaran,A,0,,0,,0,,0,,1,Thn,5400000,5400000,,0,B01,49911,49911,49911,49911,4776111,49911,49911,49911,49911,49911,49911,124779
634146,WA,2378,EBA,00,2,994,1,002,C,Pemeliharaan Perkantoran,523121,A,0,A0,,0,0,8,8,259,docking kapal latih,A,0,,0,,0,,0,,1,Pkt,288000000,288000000,,0,B01,2661928,2661928,2661928,2661928,254725898,2661928,2661928,2661928,2661928,2661928,2661928,6654822
634146,WA,2378,EBA,00,2,994,1,002,C,Pemeliharaan Perkantoran,523121,A,0,A0,,0,0,9,9,260,Pemeliharaan Genset lebih kecil dari 50 KVA,A,0,,0,,0,,0,,1,UNIT,6471000,6471000,,0,B01,59810,59810,59810,59810,5723373,59810,59810,59810,59810,59810,59810,149527
634146,WA,2378,EBA,00,2,994,1,002,C,Pemeliharaan Perkantoran,523133,A,0,A0,,0,0,1,0,261,Pemeliharaan Jaringan Listrik,A,0,,0,,0,,0,,12,Bulan,1800000,21600000,,0,B01,0,0,1886164,2143082,2143082,2143082,2143082,2143082,2143082,2143082,2143082,2569180
634146,WA,2378,EBA,00,2,994,1,002,C,Pemeliharaan Perkantoran,523133,A,0,A0,,0,0,2,1,262,Pemeliharaan Jaringan Air,A,0,,0,,0,,0,,12,Bulan,1800000,21600000,,0,B01,0,0,1886164,2143082,2143082,2143082,2143082,2143082,2143082,2143082,2143082,2569180
634146,WA,2378,EBD,00,1,Z27,1,301,A,Pengelolaan Keuangan,524113,A,0,A0,,0,0,1,0,272,Uang Harian Perjalanan Dinas Dalam Kota Lebih dari 8 Jam (Papua  Barat Daya),A,0,,0,,0,,0,,8,OH,100000,800000,,0,B01,0,0,0,100000,0,100000,200000,0,200000,0,200000,0